{
  "generatedAt": "2026-07-16T20:44:27.191Z",
  "gitSha": "619f8f9",
  "questionVersion": "audit:docs/report/baseline/rag_eval_results.audit.json",
  "n": 32,
  "overall": {
    "recall@1": 0.84375,
    "recall@1#n": 32,
    "recall@3": 0.9375,
    "recall@3#n": 32,
    "recall@5": 0.96875,
    "recall@5#n": 32,
    "precision@5": 0.2125000000000001,
    "precision@5#n": 32,
    "mrr": 0.8880208333333334,
    "mrr#n": 32,
    "ndcg@5": 0.904241429283154,
    "ndcg@5#n": 32
  },
  "perSet": {
    "A": {
      "recall@1": 0.8275862068965517,
      "recall@1#n": 29,
      "recall@3": 0.9310344827586207,
      "recall@3#n": 29,
      "recall@5": 0.9655172413793104,
      "recall@5#n": 29,
      "precision@5": 0.19310344827586215,
      "precision@5#n": 29,
      "mrr": 0.8764367816091955,
      "mrr#n": 29,
      "ndcg@5": 0.8986760797118915,
      "ndcg@5#n": 29
    },
    "A-neighbour": {
      "recall@1": 1,
      "recall@1#n": 3,
      "recall@3": 1,
      "recall@3#n": 3,
      "recall@5": 1,
      "recall@5#n": 3,
      "precision@5": 0.4000000000000001,
      "precision@5#n": 3,
      "mrr": 1,
      "mrr#n": 3,
      "ndcg@5": 0.9580398084720246,
      "ndcg@5#n": 3
    }
  },
  "perQuestion": [
    {
      "id": "A1",
      "set": "A",
      "category": "caregiving",
      "retrieved": [
        "caregiving_001",
        "isupport_nz_c169",
        "isupport_nz_c171",
        "caregiving_005",
        "bestpractices_003"
      ],
      "topSimilarity": 0.406017553159257,
      "recall@1": 1,
      "recall@3": 1,
      "recall@5": 1,
      "precision@5": 0.2,
      "mrr": 1,
      "ndcg@5": 1
    },
    {
      "id": "A2",
      "set": "A",
      "category": "caregiving",
      "retrieved": [
        "caregiving_002",
        "isupport_nz_c257",
        "isupport_nz_c256"
      ],
      "topSimilarity": 0.346181398876437,
      "recall@1": 1,
      "recall@3": 1,
      "recall@5": 1,
      "precision@5": 0.2,
      "mrr": 1,
      "ndcg@5": 1
    },
    {
      "id": "A3",
      "set": "A",
      "category": "caregiving",
      "retrieved": [
        "isupport_nz_c181",
        "caregiving_004",
        "isupport_nz_c186",
        "bestpractices_009",
        "wellbeing_006"
      ],
      "topSimilarity": 0.358398338516826,
      "recall@1": 0,
      "recall@3": 1,
      "recall@5": 1,
      "precision@5": 0.2,
      "mrr": 0.5,
      "ndcg@5": 0.6309297535714575
    },
    {
      "id": "A4",
      "set": "A",
      "category": "caregiving",
      "retrieved": [
        "caregiving_005",
        "isupport_nz_c273",
        "isupport_who_c126",
        "caregiving_001",
        "homesafety_005"
      ],
      "topSimilarity": 0.400772600913007,
      "recall@1": 1,
      "recall@3": 1,
      "recall@5": 1,
      "precision@5": 0.2,
      "mrr": 1,
      "ndcg@5": 1
    },
    {
      "id": "A5",
      "set": "A",
      "category": "caregiving",
      "retrieved": [
        "isupport_who_c082",
        "isupport_nz_c214",
        "caregiving_006",
        "caregiving_003",
        "homesafety_002"
      ],
      "topSimilarity": 0.398959946291123,
      "recall@1": 0,
      "recall@3": 1,
      "recall@5": 1,
      "precision@5": 0.2,
      "mrr": 0.3333333333333333,
      "ndcg@5": 0.5
    },
    {
      "id": "A6",
      "set": "A",
      "category": "caregiving",
      "retrieved": [
        "caregiving_009",
        "wellbeing_004",
        "wellbeing_010",
        "wellbeing_003",
        "wellbeing_001"
      ],
      "topSimilarity": 0.484196070246135,
      "recall@1": 1,
      "recall@3": 1,
      "recall@5": 1,
      "precision@5": 0.2,
      "mrr": 1,
      "ndcg@5": 1
    },
    {
      "id": "A7",
      "set": "A",
      "category": "clinical",
      "retrieved": [
        "clinical_001",
        "isupport_nz_c019",
        "isupport_nz_c017",
        "clinical_002",
        "alzheimers_disease_001"
      ],
      "topSimilarity": 0.504972647151002,
      "recall@1": 1,
      "recall@3": 1,
      "recall@5": 1,
      "precision@5": 0.2,
      "mrr": 1,
      "ndcg@5": 1
    },
    {
      "id": "A8",
      "set": "A",
      "category": "clinical",
      "retrieved": [
        "clinical_003",
        "homesafety_003",
        "clinical_002",
        "clinical_008",
        "isupport_nz_c018"
      ],
      "topSimilarity": 0.476477878769014,
      "recall@1": 1,
      "recall@3": 1,
      "recall@5": 1,
      "precision@5": 0.2,
      "mrr": 1,
      "ndcg@5": 1
    },
    {
      "id": "A9",
      "set": "A",
      "category": "clinical",
      "retrieved": [
        "clinical_004",
        "prevention_002",
        "isupport_nz_c295",
        "isupport_nz_c293",
        "caregiving_006"
      ],
      "topSimilarity": 0.426340964588964,
      "recall@1": 1,
      "recall@3": 1,
      "recall@5": 1,
      "precision@5": 0.2,
      "mrr": 1,
      "ndcg@5": 1
    },
    {
      "id": "A10",
      "set": "A",
      "category": "clinical",
      "retrieved": [
        "clinical_007",
        "isupport_nz_c087",
        "prevention_006",
        "isupport_nz_c035",
        "wellbeing_004"
      ],
      "topSimilarity": 0.409371195576375,
      "recall@1": 1,
      "recall@3": 1,
      "recall@5": 1,
      "precision@5": 0.2,
      "mrr": 1,
      "ndcg@5": 1
    },
    {
      "id": "A11",
      "set": "A",
      "category": "clinical",
      "retrieved": [
        "clinical_008",
        "clinical_004",
        "isupport_nz_c319",
        "clinical_002",
        "isupport_nz_c017"
      ],
      "topSimilarity": 0.446225199910653,
      "recall@1": 1,
      "recall@3": 1,
      "recall@5": 1,
      "precision@5": 0.2,
      "mrr": 1,
      "ndcg@5": 1
    },
    {
      "id": "A12",
      "set": "A",
      "category": "best-practices",
      "retrieved": [
        "isupport_nz_c309",
        "isupport_who_c109",
        "bestpractices_003",
        "bestpractices_001"
      ],
      "topSimilarity": 0.293675551828936,
      "recall@1": 0,
      "recall@3": 1,
      "recall@5": 1,
      "precision@5": 0.2,
      "mrr": 0.3333333333333333,
      "ndcg@5": 0.5
    },
    {
      "id": "A13",
      "set": "A",
      "category": "best-practices",
      "retrieved": [
        "isupport_nz_c316",
        "isupport_nz_c317",
        "bestpractices_006",
        "bestpractices_004",
        "communication_006"
      ],
      "topSimilarity": 0.391776448528255,
      "recall@1": 0,
      "recall@3": 0,
      "recall@5": 1,
      "precision@5": 0.2,
      "mrr": 0.25,
      "ndcg@5": 0.43067655807339306
    },
    {
      "id": "A14",
      "set": "A",
      "category": "best-practices",
      "retrieved": [
        "bestpractices_005",
        "homesafety_005",
        "isupport_who_c135",
        "isupport_nz_c282",
        "homesafety_007"
      ],
      "topSimilarity": 0.419203280587999,
      "recall@1": 1,
      "recall@3": 1,
      "recall@5": 1,
      "precision@5": 0.2,
      "mrr": 1,
      "ndcg@5": 1
    },
    {
      "id": "A15",
      "set": "A",
      "category": "best-practices",
      "retrieved": [
        "bestpractices_007",
        "wellbeing_005",
        "isupport_who_c061",
        "wellbeing_002",
        "isupport_who_c068"
      ],
      "topSimilarity": 0.452278334975829,
      "recall@1": 1,
      "recall@3": 1,
      "recall@5": 1,
      "precision@5": 0.2,
      "mrr": 1,
      "ndcg@5": 1
    },
    {
      "id": "A16",
      "set": "A",
      "category": "communication",
      "retrieved": [
        "communication_001",
        "isupport_nz_c063",
        "isupport_nz_c067",
        "communication_002",
        "communication_005"
      ],
      "topSimilarity": 0.528965617521682,
      "recall@1": 1,
      "recall@3": 1,
      "recall@5": 1,
      "precision@5": 0.2,
      "mrr": 1,
      "ndcg@5": 1
    },
    {
      "id": "A17",
      "set": "A",
      "category": "communication",