id,category,title,tags,document_id,source_version,country,chunk_level,content_hash
alzheimers_disease_001,clinical,What is Alzheimer's Disease? (Part 1),alzheimer's disease|dementia|amyloid|tau|cognitive decline|memory loss,curated,2026-07,NZ,,4a4c602b25796eec354d91320e36357979b329a67aaa51b03567dc4d787ce30a
alzheimers_disease_002,clinical,What is Alzheimer's Disease? (Part 2),alzheimer's disease|diagnosis|memory service|atypical alzheimer's|risk factors|GP,curated,2026-07,NZ,,1943deeb1f0fcdd244404fe07fe6ed12405e385038a98b0f8bfb3a288203d27a
bestpractices_001,best-practices,Handling Physical Aggression and Agitation,aggression|agitation|de-escalation|behaviour|violence|triggers,curated,2026-07,NZ,,57f5eb1e5d059d735e9a0889616abf0b8f7caffe0f1d6f34098614171f14b1c6
bestpractices_002,best-practices,Reducing Anxiety Through Environment Design,environment|design|anxiety|lighting|clutter|noise|sensory,curated,2026-07,NZ,,aa2fc89a1c952c0de2a9145e409da378873272a512afc98b39b8b3cb7041cef3
bestpractices_003,best-practices,Redirection and De-escalation Techniques,redirection|de-escalation|distraction|behaviour management|communication,curated,2026-07,NZ,,c5e393a804bcf404615e3d772c705edc577ab1ca38c6c9b34e6248c8cab95fed
bestpractices_004,best-practices,Managing Hallucinations and Paranoia,hallucinations|paranoia|delusions|Lewy body|psychosis|behaviour,curated,2026-07,NZ,,57094c1e04175054459000047117f73beb512eadfc1128245d8100054d4d3634
bestpractices_005,best-practices,Wandering Prevention and Safe-Return Strategies,wandering|safe return|GPS|elopement|door alarm|safety|lost,curated,2026-07,NZ,,bcf812ebd3414d73ea382b5d62d579b6a34a9ea22482742349871df0df9820b6
bestpractices_006,best-practices,Responding to Accusations and Mistrust,accusations|mistrust|theft|imposter|behaviour|paranoia|family,curated,2026-07,NZ,,edae66897da1bfb25aedf8aa82196e7838e1b33465fe65396e5de98c1f256a5f
bestpractices_007,best-practices,Caregiver Burnout: Recognising and Preventing Exhaustion,burnout|caregiver stress|depression|exhaustion|carer wellbeing|self-care,curated,2026-07,NZ,,2452aa681af7a82adb05214a338546eee2ee3435d52689db83074f212f961f69
bestpractices_008,best-practices,Fall Prevention Strategies in Dementia Care,falls|fall prevention|balance|physiotherapy|grab rails|JCCPA|home safety,curated,2026-07,NZ,,603fccf5be74af9921f2c1acae09a22c19b4f9a730c87454e091a56a706b4722
bestpractices_009,best-practices,Oral Health and Dental Care for People with Dementia,oral health|dental care|toothbrushing|dentures|dry mouth|JCCPA|pain,curated,2026-07,NZ,,372874aee6ed0bdd69ba0d1f00f3ca8b3276feb5d89899dcd4280f90bf942660
bestpractices_010,best-practices,Safe Physical Transfers and Mobility Assistance in Dementia Care,manual handling|transfers|mobility|back safety|JCCPA|hoist|occupational therapist,curated,2026-07,NZ,,a1c2a121fc243fcd749c339402053ea17d2db9ac9da508a87a5bad48c5a6988d
bestpractices_011,best-practices,Cognitive Stimulation Therapy and Other Cognitive Therapies,cognitive stimulation therapy|CST|cognitive training|cognitive rehabilitation|brain training|non-pharmacological|memory,curated,2026-07,NZ,,1183317c728c6d70cc3e5c6c06b85e816d48b7cb860a16ce20c615ce039509b5
bestpractices_012,best-practices,Helping Someone with Dementia Stay Focused on a Task,attention|focus|task completion|environment|lighting|communication|daily activities,curated,2026-07,NZ,,6d6a65c0316e44cc3b07e0d1894596971830f5f6bd1045858f4cbf7505acd7f7
bestpractices_013,best-practices,Supporting Independence: Right-Sizing Help with Daily Activities,independence|activities of daily living|dignity|step-by-step assistance|safety balance,curated,2026-07,NZ,,5e8a961835993ce7a5ed64369031ff982c7d98387eca440d33b7dea47713c898
bestpractices_014,best-practices,Understanding Behaviour as a Form of Communication,behaviour as communication|unmet needs|ABC log|behaviour change|underlying causes,curated,2026-07,NZ,,97f023cc737e30921753ffc98a18f44da680d880a4fa3f6dbec595ad7c17838e
bestpractices_015,best-practices,"Responsive Behaviours: A Person-Centred, Detective-Based Approach",responsive behaviours|BPSD|behaviour support plan|changed behaviour toolkit|de-escalation|person-centred care,curated,2026-07,NZ,,765fa6c6b9e22795a83dd97bbe70b8ae96e10b31d967b17c8e504c9ceabd9e04
bestpractices_016,best-practices,What Good Carer Training and Education Should Look Like,carer training|psychoeducation|NICE NG97|carer depression risk|group support,curated,2026-07,NZ,,037e557581036c86e180577f8f2fc3def92b38a9fb391608da503fcbeb3ad56f
bestpractices_017,best-practices,Non-Drug Approaches First: NICE's Framework for Distress and Agitation,non-drug approaches|agitation|personalised activities|antipsychotic review|NICE NG97,curated,2026-07,NZ,,c82fb5661285aed75c0945e29239fc1d65f37b2cd317030c4a95c9e68f7fb197
bestpractices_018,best-practices,Building Distress-Management Activities Around Preserved Abilities and Past Roles,non-pharmacological approaches|personalised activities|distressed behaviours|preserved abilities|carer training,curated,2026-07,NZ,,debb375f25ac79a0556e8b9214b7b1710a77c3e2d76c22006b2c9c3b63c8ff6d
bestpractices_019,best-practices,The Evidence on Non-Drug Therapies: What Actually Helps and Why,non-pharmacological therapies|evidence-based practice|music therapy|personalised activities|research evidence,curated,2026-07,NZ,,f3ebb0bad75d9d9b2929d9b6e4622406e5f2cfb4e693c72f322c83a514a7109e
caregiving_001,caregiving,Managing Sundowning Behaviour,sundowning|agitation|evening|routine|behaviour,curated,2026-07,NZ,,660239195569c24bec90d6e2bbcb5264044559980cde0623b8683bf4adc0fc26
caregiving_002,caregiving,Responding to Repetitive Questions and Actions,repetitive questioning|memory loss|patience|redirection|behaviour,curated,2026-07,NZ,,7d76ff4c8f76b19b8ff93fd2fba106ff13986c32a9ddef08b8b525a8f5982eb4
caregiving_003,caregiving,Personal Hygiene and Bathing Assistance,bathing|hygiene|dignity|resistance|personal care,curated,2026-07,NZ,,eb35631c0062d99894eced09dbafc41441f23241431350367a8f90b5c7185569
caregiving_004,caregiving,"Nutrition, Hydration, and Meal Management",nutrition|hydration|mealtimes|swallowing|appetite|weight loss,curated,2026-07,NZ,,439765d22eb70f57e1633f76408371e1614026882ad51a3d6286214209ff988f
caregiving_005,caregiving,Sleep Disturbances and Night-Time Management,sleep|night wandering|insomnia|sleep hygiene|nighttime|disturbance,curated,2026-07,NZ,,a88672f0fb4cc2160519d005201c028e102fbeeea455ffc1b513091e1399e163
caregiving_006,caregiving,Managing Incontinence with Dignity,incontinence|toileting|dignity|urinary tract infection|continence|personal care,curated,2026-07,NZ,,d7711f45faf24508492b06bee039a27af8ab7808b428ed4d164ce9baee9943b0
caregiving_007,caregiving,Establishing Daily Routine and Structure,routine|structure|daily schedule|predictability|consistency,curated,2026-07,NZ,,d5d9cfe18d73a83e8adf8bb9893c77c745549b06162d9642f5c8f70168a48cf9
caregiving_008,caregiving,Specialist Behaviour Support for Dementia in New Zealand,behaviour support|BPSD|agitation|specialist|GP referral|mental health services for older people,curated,2026-07,NZ,,b162cb96ae99ba4f6fe73b594ec6b68d31c1c21bddd24f243ad89b29552e1851
caregiving_009,caregiving,Support for Family Carers in New Zealand,carer support|respite|Carer Support Subsidy|counselling|Carers NZ|NASC|Work and Income,curated,2026-07,NZ,,293e2208784881ec0c4f1ce9d6fb30289e447bf635531809a82620828c391e60
caregiving_010,caregiving,The First Year After Diagnosis — Getting Support in New Zealand,post-diagnosis|first year|planning|navigation|EPA|NASC|Alzheimers NZ|YODAT,curated,2026-07,NZ,,c08ba89630ab25ef806d64b330f1bca871f8cc9504792474cd54a9164a65cad1
caregiving_011,caregiving,Building Foundations of Caregiving: Adjusting to the Role and Building a Support Team,caregiver role|support team|caregiver stress|getting started|care partners|burnout prevention,curated,2026-07,NZ,,29f3a10b82c947e15186868970e0633723dca1e8319ee24938367934a3beb711
caregiving_012,caregiving,Managing the Practical and Financial Side of Caregiving,financial planning|caregiving costs|financial exploitation|record keeping|power of attorney,curated,2026-07,NZ,,2da2eb6aa24c8aae64315d522260d3134288e9506e0a8fe39c42fa2d11298338
caregiving_013,caregiving,Free Online Dementia Training for Family Carers and Volunteers,online training|carer education|quality dementia care|learning pathways|free courses,curated,2026-07,NZ,,6eebd7fcae5af98170fdd9afa6d86fa2ab6f135bfc9e2e667b3a496fc1f1bbc6
caregiving_014,caregiving,Your Right to a Carer's Assessment and Coordinated Support (NICE Guidance),carer's assessment|care coordination|NICE NG97|carer rights|respite,curated,2026-07,NZ,,6bd45cf32044ac069374480f2157215c7206a21713f7a5fd3149444127d3ed8a
caregiving_015,caregiving,The 'Single Point of Contact' Model of Post-Diagnostic Support,post-diagnostic support|care coordination|link worker|single point of contact|SIGN 168,curated,2026-07,NZ,,e1d0269fd1f380b7f5545348a42738de0914f5bfdc76727c1b9b7a0d1f8ec7e0
caregiving_016,caregiving,Financial and Employment Planning for Young Onset Dementia,young onset dementia|employment rights|financial planning|power of attorney|benefits,curated,2026-07,NZ,,9c89746879b3141f4dd2b2d42b2d2bb264cfe3661cdd73d0792d0272a4d6feda
caregiving_017,caregiving,Four Areas to Cover While Future Plans Can Still Be Made Together,future planning|power of attorney|will|medical decision-making|care arrangements,curated,2026-07,NZ,,0a328d994be80d4df624638f6b90778fb7a409fb6554434203b1727990e7603e
clinical_001,clinical,"Stages of Dementia: Mild, Moderate, and Severe",stages|mild dementia|moderate dementia|severe dementia|progression|planning,curated,2026-07,NZ,,3a03fb6549a9caa05d199696e7076681810a33749940dd327464fab5e89ab7d2
clinical_002,clinical,"Alzheimer's Disease, Vascular Dementia, and Lewy Body Dementia",Alzheimer's|vascular dementia|Lewy body|types of dementia|diagnosis|prognosis,curated,2026-07,NZ,,549e390bb537d885f19f43cff39ff5d1b1d301be8832db2874321041e40df0c7
clinical_003,clinical,"Medications Used in Dementia: Benefits, Limits, and Side Effects",donepezil|memantine|medication|cholinesterase inhibitor|antipsychotic|treatment,curated,2026-07,NZ,,b81a38145df7a2a27d2af0a6fafb726afbb703fd5fea4de6a151bb43db73054b
clinical_004,clinical,When to Seek Urgent Medical Review,delirium|urgent|infection|sudden deterioration|emergency|medical review,curated,2026-07,NZ,,69f3fe6d6656a21f37e64026f3358ccba2a75212cfbc0fc5bd01d65c0ab2a4cc
clinical_005,clinical,The Dementia Diagnosis Process,diagnosis|GP|specialist|cognitive testing|MMSE|MRI|memory clinic,curated,2026-07,NZ,,9627dc36bff358046aa268e305011e046cc75251f0efa002b7e761ee3e8cf91c
clinical_006,clinical,Recognising and Managing Pain in People with Dementia,pain|pain assessment|agitation|non-verbal|Abbey Pain Scale|paracetamol,curated,2026-07,NZ,,bfaee10ad1de2c65050b55d24b13af45a90600634da025bbd3d86c7d7d4d3aab
clinical_007,clinical,Advance Care Planning and Legal Documents,advance care planning|power of attorney|advance directive|legal|capacity|end of life,curated,2026-07,NZ,,33bc4674441bea7e3839c10e0c2f1070c0169d310c44647079973f09465060c9
clinical_008,clinical,Reversible and Treatable Causes of Dementia-Like Symptoms,reversible dementia|treatable causes|B12 deficiency|hypothyroidism|delirium|medication|Mayo Clinic,curated,2026-07,NZ,,c7abab6597cd19403e0dbae759d0ad5925bbe0c72bc22e5f53a8dbff0049a89a
clinical_009,clinical,Rare Dementias — Recognising Less Common Forms and Finding Support,rare dementia|PCA|PPA|PSP|CBS|Huntington's|CJD|specialist|specialist referral,curated,2026-07,NZ,,4465db47719648523a1f61d6e04e58405d7f2ef0fd313d32b5a9af2e4109ab37
clinical_010,clinical,Dementia Education and Research in New Zealand,education|research|Brain Research NZ|Dementia Prevention Research Clinics|carer education|courses,curated,2026-07,NZ,,1d0a8dd839a7e7630b31ae87f1e0574fe99ca02cf103866e18fb16596e17d20d
clinical_011,clinical,Other and Less Common Causes of Dementia,causes of dementia|alcohol-related brain injury|ARBI|HIV-associated dementia|traumatic brain injury|CTE|childhood dementia|Down syndrome|LATE,curated,2026-07,NZ,,79668b7ef096e6653a58229ce1bb150dcb690a69ec76e0121d7d3403296d1cf7
clinical_012,clinical,Preparing for a Hospital Visit or Admission,hospital visit|hospitalisation|delirium|emergency preparation|hospital bag|advocacy,curated,2026-07,NZ,,e7613a1046956316d182efce85599eea535105c2b036968242115fb4f2765002
clinical_013,clinical,"End-of-Life Alzheimer's Care: Comfort, Hospice, and Palliative Support",end-of-life care|hospice|palliative care|comfort care|late-stage dementia|caregiver grief,curated,2026-07,NZ,,83b59b3aeee0ce82951fd31205f772a2becd3fd31b567fd3d90daa1fe3454e74
clinical_014,clinical,Medical Orders and Advance Directives: Documenting Treatment Wishes,advance directives|DNR|POLST|MOLST|living will|organ donation|medical orders,curated,2026-07,NZ,,14196b0bb6311cfd39c057d5d25bb441ddd6ba23995f6305eca77ae2acbfa265
clinical_015,clinical,Understanding Psychotropic Medicines in Dementia Care,psychotropic medicines|antipsychotics|medication review|deprescribing|medication safety,curated,2026-07,NZ,,fb4ddb22ba50839c5fe544c82b235efa83ad0b0dff20e9198ec3fe3c37a8ef0c
clinical_016,clinical,Understanding Dying: What Happens in the Final Days and Hours,end of life|dying process|comfort care|anticipatory medication|hospice,curated,2026-07,NZ,,26c7085ec1f746a1ad67b361072484ae210ca677fbbe625ae38607fd1ab3a25d
clinical_017,clinical,"Sex, Intimacy, and Changes in Sexual Behaviour in Dementia",intimacy|sexual behaviour changes|consent|relationships|dementia and partners,curated,2026-07,NZ,,9df83b36ba6d8e2119104109958007204c2e4627f8d9505593febc23f2a3083f
clinical_018,clinical,Dementia with Lewy Bodies: Recognising the Distinct Pattern,Lewy body dementia|DLB|medication sensitivity|hallucinations|REM sleep behaviour disorder,curated,2026-07,NZ,,a34b9933e3a190a7c0167c75fc13eb17fec8d6998e89a7a88caf9a26c4ffa7bc
clinical_019,clinical,Frontotemporal Dementia: When Personality and Language Change First,frontotemporal dementia|FTD|behavioural variant|primary progressive aphasia|young onset dementia,curated,2026-07,NZ,,8e8c6621622b23999ebba303665dfc66d1a323fcf98ee04dd9f90f3352bf6295
clinical_020,clinical,Vascular Dementia: The Stepwise Pattern and the Stroke Connection,vascular dementia|multi-infarct dementia|stroke|cardiovascular risk factors|stepwise decline,curated,2026-07,NZ,,7447034c33b4e08aee630497f51abc545777902683fb8e20d564aa7959dcdd3c
clinical_021,clinical,"Young Onset Dementia: A Different Life Stage, the Same Disease",young onset dementia|diagnosis delay|working age|children and young onset dementia|frontotemporal dementia,curated,2026-07,NZ,,75c07c002a7eb70ccadb494850291c9ee2c3d4a7e5fc694e0c1d7226bc131860
clinical_022,clinical,How Brain Changes Explain Dementia Symptoms: A Region-by-Region Guide,brain anatomy|neuroscience|hippocampus|frontal lobe|symptom explanation,curated,2026-07,NZ,,639dcd3d1647e30a77991a7c957a1e81a33a74a8c65a4415b3fa5d642f5f2847
clinical_023,clinical,Delirium vs Dementia: Recognising a Medical Emergency,delirium|acute confusion|medical emergency|UTI|distinguishing symptoms,curated,2026-07,NZ,,33fd99653759a8962754cf8a8d9d86d7be33e33f93ecfcdd6984b924ac9aa6b3
clinical_024,clinical,Advance Care Planning: What It Covers and How to Start,advance care planning|substitute decision-maker|enduring guardian|end-of-life wishes|documentation,curated,2026-07,NZ,,8e6653f8f9c06b658db46df9005ed0a8baa1e5ac0d4e364976db68e2a7c9b89e
communication_001,communication,Effective Verbal Communication Techniques,verbal communication|language|speech|instructions|conversation|technique,curated,2026-07,NZ,,0fda0b09e2772628f57a2d05a9c54756c6246b8ed144ed1101df0ecb54f31523
communication_002,communication,Non-Verbal Communication and Body Language,non-verbal|body language|touch|tone of voice|facial expression|connection,curated,2026-07,NZ,,857b00fe9ae4aa196a0d36f830b0e3792a1c871ed1e1ad4a63a0549d142359ba
communication_003,communication,Validation Therapy Approach,validation therapy|Naomi Feil|therapeutic communication|feelings|empathy|advanced dementia,curated,2026-07,NZ,,69e802008bcb1592d62748ed3b411e832959434649cd95c9147922f6f0b89587
communication_004,communication,Reminiscence Therapy and Life Review,reminiscence|life review|memory|life story|long-term memory|connection|identity,curated,2026-07,NZ,,6a5f09f0bb5e452cda1b2f8df03fd73eacb7a3f6bd44ea07c2e0f38d60291f39
communication_005,communication,Simple Language and Visual Communication Aids,visual aids|labels|picture communication|AAC|language|speech pathologist,curated,2026-07,NZ,,8c200461f0db78d00f662a599a108f1218c0995df5bde87ea94fb449c1704f7b
communication_006,communication,When the Person Doesn't Recognise You,recognition|identity|grief|relationship|imposter syndrome|connection,curated,2026-07,NZ,,8e757bd4adec1b661c237b2ee0196967fca104d10d25220fff9180c243dcf509
communication_007,communication,Communicating with Non-Verbal Patients,non-verbal|advanced dementia|late stage|comfort|pain signals|touch|music,curated,2026-07,NZ,,49dce5fd96e8dce19b824ca7e76461b4f2522c32f5396aaa22e657a1c64b22e1
communication_008,communication,Culturally Appropriate Dementia Care for Chinese Communities,Chinese community|culturally appropriate|bilingual|Cantonese|Mandarin|stigma|CPT project|New Zealand,curated,2026-07,NZ,,4153aeb578f79f32d1f68fb267616e42a1049f10ce93b8d7637cbcfc70df1fa5
communication_009,communication,Building Communication Skills as a Carer,communication practice|carer education|skills|confidence|role-play|Alzheimers NZ,curated,2026-07,NZ,,f4c9fc5bf8e08b1b885b019e764f29003a27601bd6792d2d41bc2d76151e9d98
communication_010,communication,Supporting Culturally and Linguistically Diverse People with Dementia,CALD|culturally diverse|first language|interpreter|Language Line|multilingual|Pacific communities,curated,2026-07,NZ,,7760eec88d8f90e43099686783305bc9604a7707615ada1ce7dbcc209998260f
communication_011,communication,Communicating Effectively as Dementia Progresses,communication techniques|verbal communication|healthcare visits|word-finding difficulty|family communication,curated,2026-07,NZ,,ba3485650fde04efc8e09b8183d7837e5d7f7b0387761b5a5c6136ddb494b626
communication_012,communication,"Starting Hard Conversations: Driving, Doctor Visits, and Money",driving and dementia|doctor visits|difficult conversations|financial planning|capacity,curated,2026-07,NZ,,34d6d7529498041bd5b752cedec1f853fc66fcd2a3c2c590b6acff17860193ed
communication_013,communication,Culturally Safe Dementia Care: Lessons from Designing for Aboriginal and Torres Strait Islander Communities,culturally safe care|Aboriginal and Torres Strait Islander|cultural identity|language|person-centred care,curated,2026-07,NZ,,09bcad169ae420bd771645dfb79fa5599f5cd18cd4333e4b368c42700ede85ea
dg_delirium_v2026_09_736cfad1,clinical,Sudden sleepiness and delirium in dementia — Sudden sleepiness or drowsiness can signal delirium,sudden sleepiness|delirium|hypoactive delirium|urinary tract infection|drowsiness|withdrawal|treatable physical problem|dehydration,dg-delirium-v2026-09,2026-09,NZ,,736cfad1f6a41f1878f897adb659c89c7da187c96b8bbd9b457595db851e2ff1
dg_delirium_v2026_09_9d3492c4,clinical,Sudden sleepiness and delirium in dementia — What to do about sudden drowsiness in a person with dementia,sudden drowsiness|same-day medical advice|signs of infection|medication change|delirium|safety measures|fluid intake|emergency response,dg-delirium-v2026-09,2026-09,NZ,,9d3492c4946eff5acd51054c61ac2b6be707251330097c4318cad0b92f7f2bc9
homesafety_001,home-safety,Kitchen and Cooking Safety,kitchen|cooking|stove|fire|safety|appliances|supervision,curated,2026-07,NZ,,ff5f9448a9316aee7c6eaf57a35510f86fa7a36bd0a4592b67b526102eb42975
homesafety_002,home-safety,Bathroom Fall Prevention and Safety,falls|bathroom|grab rails|shower chair|fall prevention|safety modifications,curated,2026-07,NZ,,d33552cd1510fc218a47b10ea95acfa09ac8db87e50634e1ba4aea4b00354516
homesafety_003,home-safety,Medication Management and Safe Storage,medication|pill organiser|locked storage|medication errors|blister pack|safety,curated,2026-07,NZ,,17661cb421dfd2964dcf0b5ae1e7c909466c3b77a4d3a878652200f1a26f2632
homesafety_004,home-safety,Fire Safety and Electrical Hazards,fire safety|smoke alarm|stove|heater|electrical|cooking|prevention,curated,2026-07,NZ,,eb0f5338b4bf47e7073f40e9a4ce832cd754be843f7b95d8a9daf25bf0e5485c
homesafety_005,home-safety,Door and Exit Management for Wanderers,door alarms|exit|locks|wandering prevention|GPS|camouflage|home safety,curated,2026-07,NZ,,fbcafccb56518dcff76cdb1f88d4977dae7aac271e94aa32700dea7addafa39f
homesafety_006,home-safety,Driving and Dementia: When to Stop,driving|driving cessation|road safety|occupational therapist|licence|independence,curated,2026-07,NZ,,a06ead8fb7676c2db5858b85d2cd46b2fb0fb6f1d61cab1da07de34b9ff99fc4
homesafety_007,home-safety,"Stair Safety, Signage, and Environmental Cues",stairs|signage|labels|nightlights|occupational therapist|fall prevention|home modifications,curated,2026-07,NZ,,541aba592e0e534cd182ae5df05f2922529ad98db6ff6dda0a9463e0f5a7efa1
homesafety_008,home-safety,Assistive Technology for Home Safety and Independence,assistive technology|GPS tracker|pill dispenser|smart home|medic alert|remote monitoring|independence,curated,2026-07,NZ,,5f09ab1a0d2cda6d38724f286d7cfdb0288165a77f6a294340e7bfca0ca47c20
homesafety_009,home-safety,Water Safety and Temperature Hazards in the Home,water safety|scalding|temperature|hot water thermostat|hypothermia|garden pond|cold exposure,curated,2026-07,NZ,,1e646e6116e4b9dad64a0cc3bc048ae64058c445900774aab5ab2cb6c7c1d627
homesafety_010,home-safety,Conducting a Structured Dementia Home Safety Assessment,home safety assessment|occupational therapist|OT|home modification|checklist|proactive|Alzheimers NZ,curated,2026-07,NZ,,bba4b2c1b336f9dcd9a3669d72b3a35e2b989c427ccf3abdb13898fc720338a9
homesafety_011,home-safety,Living Alone with Dementia: Safety and Support Planning,living alone|independence|safety planning|support network|assistive technology|peer support,curated,2026-07,NZ,,4507d803686c777463824cfbe7fd0b687417c77d2e5380997eaa277dcc7f14ca
homesafety_012,home-safety,"Emergency Preparedness: Medical IDs, Safety Alert Devices, and a Grab-and-Go Bag",emergency preparedness|medical ID|wandering|safety alert devices|grab-and-go bag,curated,2026-07,NZ,,6b7965592078b864d696397cd2a4c21f3579f44f66b968e99ee93d11db03db60
homesafety_013,home-safety,Designing a Dementia-Friendly Home: Beyond Hazard Removal,dementia-friendly design|home environment|sensory design|reducing agitation|outdoor access,curated,2026-07,NZ,,1173ee998034e4f89029656c1694fa9fa78f3d4d2540e08a0ec3a2e8e26ef18b
homesafety_014,home-safety,The Herbert Protocol: Preparing for a Missing Person Emergency,Herbert Protocol|missing person|wandering|emergency preparedness|police,curated,2026-07,NZ,,f11d25a616983fa2256b14c0f648e90bf332f503a79c742345a9ff95f305a459
homesafety_015,home-safety,Choosing Assistive Technology and Telecare: What to Weigh Up,assistive technology|telecare|digital literacy|informed consent|SIGN 168,curated,2026-07,NZ,,56e5b02f233225f30cfc956a99c8f42f1b70142b95614567daec329d58a40d36
isupport_nz_c001,isupport-course,iSupport all reformatted 2022 12 28 (Part 1),source:manual|chunk_level:child|chunk_type:body|parent_key:heading-isupport-all-reformatted-2022-12-28|country:nz|source_version:nz-adapted|document_id:isupport-nz,isupport-nz,,NZ,child,
isupport_nz_c008,isupport-course,Section 4. Planning for the future,source:manual|chunk_level:child|chunk_type:body|section:4|country:nz|source_version:nz-adapted|document_id:isupport-nz|module:1,isupport-nz,,NZ,child,
isupport_nz_c009,isupport-course,Section 1. Types of dementia and the progression (Part 1),source:manual|chunk_level:child|chunk_type:body|section:1|country:nz|source_version:nz-adapted|document_id:isupport-nz|module:1,isupport-nz,,NZ,child,
isupport_nz_c010,isupport-course,Section 1. Types of dementia and the progression (Part 2),source:manual|chunk_level:child|chunk_type:body|section:1|country:nz|source_version:nz-adapted|document_id:isupport-nz|module:1,isupport-nz,,NZ,child,
isupport_nz_c011,isupport-course,Section 1. Types of dementia and the progression — activity (Part 1),source:manual|chunk_level:child|chunk_type:activity|section:1|country:nz|source_version:nz-adapted|document_id:isupport-nz|module:1|forgetting recent events|repeating questions|difficulty performing daily activities|difficulty identifying time or place|communication changes|family carer|hearing improvement|consulting gp,isupport-nz,,NZ,child,
isupport_nz_c012,isupport-course,Section 1. Types of dementia and the progression — activity (Part 2),source:manual|chunk_level:child|chunk_type:activity|section:1|country:nz|source_version:nz-adapted|document_id:isupport-nz|module:1|family carer|whānau|care home|hospital care|support at home|negative experiences|positive experiences|day-to-day caregiving|common scenarios,isupport-nz,,NZ,child,
isupport_nz_c013,isupport-course,Section 1. Types of dementia and the progression — keep-in-mind,source:manual|chunk_level:child|chunk_type:keep-in-mind|section:1|country:nz|source_version:nz-adapted|document_id:isupport-nz|module:1|risk factors|protective factors|brain health|self-help tool|family carer|optimise brain function|quality of life|ageing|gp consultation,isupport-nz,,NZ,child,
isupport_nz_c014,isupport-course,Section 2. Optimising brain health (Part 1),source:manual|chunk_level:child|chunk_type:body|section:2|country:nz|source_version:nz-adapted|document_id:isupport-nz|module:1|dementia risk factors|modifiable risk factors|unmodifiable risk factors|early life|low education|midlife|hearing loss|traumatic brain injury|hypertension|alcohol|obesity|late life|smoking|depression|social isolation|physical inactivity|diabetes|air pollution,isupport-nz,,NZ,child,
isupport_nz_c015,isupport-course,Section 2. Optimising brain health (Part 2),source:manual|chunk_level:child|chunk_type:body|section:2|country:nz|source_version:nz-adapted|document_id:isupport-nz|module:1|brain health|healthy diet|obesity|diabetes|hypertension|alcohol consumption|risk factors|sleep changes|family carer|gp consultation,isupport-nz,,NZ,child,
isupport_nz_c016,isupport-course,Section 3. Person-centred care (Part 1),source:manual|chunk_level:child|chunk_type:body|section:3|country:nz|source_version:nz-adapted|document_id:isupport-nz|module:1|person-centred care|personhood|individual needs|life experiences|preferences|daily caring activities|family carer,isupport-nz,,NZ,child,
isupport_nz_c017,isupport-course,Section 3. Person-centred care (Part 2),source:manual|chunk_level:child|chunk_type:body|section:3|country:nz|source_version:nz-adapted|document_id:isupport-nz|module:1|person-centred care|future planning|managing finances|driving|enduring power of attorney|making a will|respite care|emergency support plan|advanced care plan|family carer,isupport-nz,,NZ,child,
isupport_nz_c018,isupport-course,Section 4. Planning for the future (Part 1),source:manual|chunk_level:child|chunk_type:body|section:4|country:nz|source_version:nz-adapted|document_id:isupport-nz|module:1|planning for the future|enduring power of attorney|making a will|respite services|emergency support plan|advanced care plan|driving|financial management|family carer,isupport-nz,,NZ,child,
isupport_nz_c019,isupport-course,Section 4. Planning for the future (Part 2),source:manual|chunk_level:child|chunk_type:body|section:4|country:nz|source_version:nz-adapted|document_id:isupport-nz|module:1|enduring power of attorney|personal care and welfare|financial decisions|legal document|making a will|incapacity|family carer,isupport-nz,,NZ,child,
isupport_nz_c020,isupport-course,Section 4. Planning for the future (Part 3),source:manual|chunk_level:child|chunk_type:body|section:4|country:nz|source_version:nz-adapted|document_id:isupport-nz|module:1|long-term residential care|constant support|medical needs|respite support|nasc|alzheimers nz|family carer,isupport-nz,,NZ,child,
isupport_nz_c021,isupport-course,Section 4. Planning for the future (Part 4),source:manual|chunk_level:child|chunk_type:body|section:4|country:nz|source_version:nz-adapted|document_id:isupport-nz|module:1|advanced care plan|emergency support plan|healthcare professionals|family whānau|enduring power of attorney|medical history|support persons|emergency situation,isupport-nz,,NZ,child,
isupport_nz_c022,isupport-course,Section 3. Supported decision-making,source:manual|chunk_level:child|chunk_type:body|section:3|country:nz|source_version:nz-adapted|document_id:isupport-nz|module:2|supported decision-making|role changes|day-to-day tasks|medication reminders|appointment reminders|personal care|bathing assistance|toileting assistance|dressing assistance|family carer,isupport-nz,,NZ,child,
isupport_nz_c023,isupport-course,Section 1. The journey (Part 1),source:manual|chunk_level:child|chunk_type:body|parent_key:module-2-section-1-heading-section-1-the-journey|section:1|country:nz|source_version:nz-adapted|document_id:isupport-nz|module:2|memory loss|shopping difficulties|frustration|family carer|communication|independence|collaborative shopping|emotional support,isupport-nz,,NZ,child,
isupport_nz_c024,isupport-course,Section 1. The journey (Part 2),source:manual|chunk_level:child|chunk_type:body|parent_key:module-2-section-1-heading-section-1-the-journey|section:1|country:nz|source_version:nz-adapted|document_id:isupport-nz|module:2|self-care|stress management|family carer|adapted activities|relaxation techniques|caregiver support,isupport-nz,,NZ,child,
isupport_nz_c025,isupport-course,Section 1. The journey,source:manual|chunk_level:child|chunk_type:body|parent_key:module-3-section-1-heading-section-1-the-journey|section:1|country:nz|source_version:nz-adapted|document_id:isupport-nz|module:2|family carer|social support|in-home helper|caregiver stress|communication|loneliness|breaks from caregiving,isupport-nz,,NZ,child,
isupport_nz_c026,isupport-course,Section 1. The journey — activity,source:manual|chunk_level:child|chunk_type:activity|parent_key:module-3-section-1-heading-section-1-the-journey|section:1|country:nz|source_version:nz-adapted|document_id:isupport-nz|module:2,isupport-nz,,NZ,child,
isupport_nz_c027,isupport-course,Section 1. The journey — activity (Part 1),source:manual|chunk_level:child|chunk_type:activity|parent_key:module-3-section-1-heading-section-1-the-journey|section:1|country:nz|source_version:nz-adapted|document_id:isupport-nz|module:2|intimate relationships|affection changes|caregiver preferences|dementia journey|family carer,isupport-nz,,NZ,child,
isupport_nz_c028,isupport-course,Section 1. The journey — activity (Part 2),source:manual|chunk_level:child|chunk_type:activity|parent_key:module-3-section-1-heading-section-1-the-journey|section:1|country:nz|source_version:nz-adapted|document_id:isupport-nz|module:2|communication difficulties|compassion|respectful attention|simple language|active listening|emotional reactions|compliments|family carer,isupport-nz,,NZ,child,
isupport_nz_c029,isupport-course,Section 2. Improving communication,source:manual|chunk_level:child|chunk_type:body|section:2|country:nz|source_version:nz-adapted|document_id:isupport-nz|module:2|communication|hearing impairment|vision impairment|environmental modifications|medical check-ups|compassionate listening|respect and dignity|family carer,isupport-nz,,NZ,child,
isupport_nz_c030,isupport-course,Section 2. Improving communication — activity,source:manual|chunk_level:child|chunk_type:activity|section:2|country:nz|source_version:nz-adapted|document_id:isupport-nz|module:2|visual impairment|lighting|contrast|glasses management|family carer|environmental modifications,isupport-nz,,NZ,child,
isupport_nz_c031,isupport-course,Section 2. Improving communication — activity (Part 1),source:manual|chunk_level:child|chunk_type:activity|section:2|country:nz|source_version:nz-adapted|document_id:isupport-nz|module:2|communication strategies|hearing aids|background noise|quieter location|family carer|dementia care|optimising hearing,isupport-nz,,NZ,child,
isupport_nz_c032,isupport-course,Section 2. Improving communication — activity (Part 2),source:manual|chunk_level:child|chunk_type:activity|section:2|country:nz|source_version:nz-adapted|document_id:isupport-nz|module:2|communication strategies|simple language|short sentences|closed-ended questions|distraction reduction|background noise|family carer|person living with dementia,isupport-nz,,NZ,child,
isupport_nz_c033,isupport-course,Section 2. Improving communication — keep-in-mind,source:manual|chunk_level:child|chunk_type:keep-in-mind|section:2|country:nz|source_version:nz-adapted|document_id:isupport-nz|module:2|communication skills|impaired communication|family carer,isupport-nz,,NZ,child,
isupport_nz_c034,isupport-course,Section 5. Responding with respect,source:manual|chunk_level:child|chunk_type:body|module:3|section:5|country:nz|source_version:nz-adapted|document_id:isupport-nz|communication strategies|respectful interaction|patience|word-finding difficulties|yes-no questions|family carer,isupport-nz,,NZ,child,
isupport_nz_c035,isupport-course,Section 2. Improving communication,source:manual|chunk_level:child|chunk_type:body|section:2|country:nz|source_version:nz-adapted|document_id:isupport-nz|module:2|communication strategies|complimenting|positive reinforcement|family carer|emotional support,isupport-nz,,NZ,child,
isupport_nz_c036,isupport-course,Section 2. Improving communication — activity,source:manual|chunk_level:child|chunk_type:activity|section:2|country:nz|source_version:nz-adapted|document_id:isupport-nz|module:2|communication difficulties|repetitive questioning|showing compassion|family carer|emotional support,isupport-nz,,NZ,child,
isupport_nz_c037,isupport-course,Section 2. Improving communication — keep-in-mind,source:manual|chunk_level:child|chunk_type:keep-in-mind|section:2|country:nz|source_version:nz-adapted|document_id:isupport-nz|module:2|communication skills|showing compassion|paying attention|respectful interaction|grieving process|relationship building|dementia care|family carer,isupport-nz,,NZ,child,
isupport_nz_c038,isupport-course,Section 3. Supported decision-making,source:manual|chunk_level:child|chunk_type:body|section:3|country:nz|source_version:nz-adapted|document_id:isupport-nz|module:2|memory loss|decision-making|cognitive difficulties|supporting decisions|family carer,isupport-nz,,NZ,child,
isupport_nz_c039,isupport-course,Section 3. Supported decision-making — activity,source:manual|chunk_level:child|chunk_type:activity|section:3|country:nz|source_version:nz-adapted|document_id:isupport-nz|module:2|supported decision-making|alzheimer's disease|independence|self-esteem|family carer|decision support|activity planning,isupport-nz,,NZ,child,
isupport_nz_c040,isupport-course,Section 3. Supported decision-making — keep-in-mind (Part 1),source:manual|chunk_level:child|chunk_type:keep-in-mind|section:3|country:nz|source_version:nz-adapted|document_id:isupport-nz|module:2|supported decision-making|encouraging independence|everyday decisions|family carer|dementia support,isupport-nz,,NZ,child,
isupport_nz_c041,isupport-course,Section 3. Supported decision-making — keep-in-mind (Part 2),source:manual|chunk_level:child|chunk_type:keep-in-mind|section:3|country:nz|source_version:nz-adapted|document_id:isupport-nz|module:2|vascular dementia|complex decision-making|medication adherence|blood pressure medication|family carer|doctor-patient communication|health education,isupport-nz,,NZ,child,
isupport_nz_c042,isupport-course,Section 3. Supported decision-making — keep-in-mind (Part 3),source:manual|chunk_level:child|chunk_type:keep-in-mind|section:3|country:nz|source_version:nz-adapted|document_id:isupport-nz|module:2|supported decision-making|capacity assessment|medical decisions|infection-related confusion|best interest|family carer|decision-making support,isupport-nz,,NZ,child,
isupport_nz_c043,isupport-course,Section 3. Supported decision-making — activity,source:manual|chunk_level:child|chunk_type:activity|section:3|country:nz|source_version:nz-adapted|document_id:isupport-nz|module:2|supported decision-making|end-of-life care|financial decision-making|medical treatment preferences|feeding tube|family involvement|caregiver concerns|dementia care|family carer,isupport-nz,,NZ,child,
isupport_nz_c044,isupport-course,Section 4. Involving others,source:manual|chunk_level:child|chunk_type:body|section:4|country:nz|source_version:nz-adapted|document_id:isupport-nz|module:2|family carer|support network|overwhelmed caregiver|in-home assistance|shopping help|cleaning help|social support|community support,isupport-nz,,NZ,child,
isupport_nz_c045,isupport-course,Section 4. Involving others — activity,source:manual|chunk_level:child|chunk_type:activity|section:4|country:nz|source_version:nz-adapted|document_id:isupport-nz|module:2,isupport-nz,,NZ,child,
isupport_nz_c046,isupport-course,Section 4. Involving others — keep-in-mind,source:manual|chunk_level:child|chunk_type:keep-in-mind|section:4|country:nz|source_version:nz-adapted|document_id:isupport-nz|module:2|caregiver support|involving others|community resources|faith community|alzheimer's new zealand|family carer|rural caregiving|seeking help,isupport-nz,,NZ,child,
isupport_nz_c047,isupport-course,Section 4. Involving others — activity,source:manual|chunk_level:child|chunk_type:activity|section:4|country:nz|source_version:nz-adapted|document_id:isupport-nz|module:2,isupport-nz,,NZ,child,
isupport_nz_c048,isupport-course,Section 4. Involving others — activity (Part 1),source:manual|chunk_level:child|chunk_type:activity|section:4|country:nz|source_version:nz-adapted|document_id:isupport-nz|module:2|family carer|home adjustments|bathing assistance|support strategies|realistic goals|hiring help|cleaning services,isupport-nz,,NZ,child,
isupport_nz_c049,isupport-course,Section 4. Involving others — activity (Part 2),source:manual|chunk_level:child|chunk_type:activity|section:4|country:nz|source_version:nz-adapted|document_id:isupport-nz|module:2,isupport-nz,,NZ,child,
isupport_nz_c050,isupport-course,Section 4. Involving others — activity (Part 3),source:manual|chunk_level:child|chunk_type:activity|section:4|country:nz|source_version:nz-adapted|document_id:isupport-nz|module:2|family carer|caregiver burnout|requesting help|self-care|weekly break|sibling support|effective communication,isupport-nz,,NZ,child,
isupport_nz_c051,isupport-course,Section 4. Involving others — activity,source:manual|chunk_level:child|chunk_type:activity|section:4|country:nz|source_version:nz-adapted|document_id:isupport-nz|module:2|support networks|needs assessment service coordination|government support|non-government organisations|family carer|new zealand|gp referral,isupport-nz,,NZ,child,
isupport_nz_c052,isupport-course,Section 3. Thinking differently,source:manual|chunk_level:child|chunk_type:body|section:3|country:nz|source_version:nz-adapted|document_id:isupport-nz|module:3|self-care|stress reduction|relaxation techniques|mindful breathing|muscle relaxation|basic breathing|neck movements|total stretching|imagery|family carer,isupport-nz,,NZ,child,
isupport_nz_c053,isupport-course,Section 1. Reducing stress in everyday life (Part 1),source:manual|chunk_level:child|chunk_type:body|section:1|country:nz|source_version:nz-adapted|document_id:isupport-nz|module:3|stress reduction|relaxation techniques|breathing exercises|family carer|caregiver stress|renewed energy,isupport-nz,,NZ,child,
isupport_nz_c054,isupport-course,Section 1. Reducing stress in everyday life (Part 2),source:manual|chunk_level:child|chunk_type:body|section:1|country:nz|source_version:nz-adapted|document_id:isupport-nz|module:3|stress reduction|breathing exercise|abdominal breathing|mindfulness|tension relief|neck tension|blood flow|self-observation,isupport-nz,,NZ,child,
isupport_nz_c055,isupport-course,Section 1. Reducing stress in everyday life (Part 3),source:manual|chunk_level:child|chunk_type:body|section:1|country:nz|source_version:nz-adapted|document_id:isupport-nz|module:3,isupport-nz,,NZ,child,
isupport_nz_c056,isupport-course,Section 1. Reducing stress in everyday life (Part 4),source:manual|chunk_level:child|chunk_type:body|section:1|country:nz|source_version:nz-adapted|document_id:isupport-nz|module:3|muscle relaxation|tension relief|physical limitations|stress reduction|relaxation techniques|family carer,isupport-nz,,NZ,child,
isupport_nz_c057,isupport-course,Section 1. Reducing stress in everyday life (Part 5),source:manual|chunk_level:child|chunk_type:body|section:1|country:nz|source_version:nz-adapted|document_id:isupport-nz|module:3,isupport-nz,,NZ,child,
isupport_nz_c058,isupport-course,Section 1. Reducing stress in everyday life (Part 6),source:manual|chunk_level:child|chunk_type:body|section:1|country:nz|source_version:nz-adapted|document_id:isupport-nz|module:3,isupport-nz,,NZ,child,
isupport_nz_c059,isupport-course,Section 1. Reducing stress in everyday life — keep-in-mind,source:manual|chunk_level:child|chunk_type:keep-in-mind|section:1|country:nz|source_version:nz-adapted|document_id:isupport-nz|module:3,isupport-nz,,NZ,child,
isupport_nz_c060,isupport-course,Section 2. Making time for,source:manual|chunk_level:child|chunk_type:body|section:2|country:nz|source_version:nz-adapted|document_id:isupport-nz|module:3|family carer|professional carer|caregiver fatigue|self-care|respite care|afternoon naps|support network,isupport-nz,,NZ,child,
isupport_nz_c061,isupport-course,Section 2. Making time for — keep-in-mind,source:manual|chunk_level:child|chunk_type:keep-in-mind|section:2|country:nz|source_version:nz-adapted|document_id:isupport-nz|module:3|family carer|caregiver burnout|self-care|pleasant activities|irritability|social engagement|leisure activities,isupport-nz,,NZ,child,
isupport_nz_c062,isupport-course,Section 2. Making time for — activity (Part 1),source:manual|chunk_level:child|chunk_type:activity|section:2|country:nz|source_version:nz-adapted|document_id:isupport-nz|module:3|family carer|barriers to activity|caregiver fatigue|self-care|social support|time management|enjoyable activities,isupport-nz,,NZ,child,
isupport_nz_c063,isupport-course,Section 2. Making time for — activity (Part 2),source:manual|chunk_level:child|chunk_type:activity|section:2|country:nz|source_version:nz-adapted|document_id:isupport-nz|module:3|family carer|caregiver fatigue|leisure activities|energy levels|financial constraints|mood fluctuations,isupport-nz,,NZ,child,
isupport_nz_c064,isupport-course,Section 2. Making time for — activity,source:manual|chunk_level:child|chunk_type:activity|section:2|country:nz|source_version:nz-adapted|document_id:isupport-nz|module:3,isupport-nz,,NZ,child,
isupport_nz_c065,isupport-course,Section 2. Making time for — activity,source:manual|chunk_level:child|chunk_type:activity|section:2|country:nz|source_version:nz-adapted|document_id:isupport-nz|module:3|family carer|pleasant activities|activity planning|small goals|routine incorporation|achievable activities,isupport-nz,,NZ,child,
isupport_nz_c066,isupport-course,Section 2. Making time for — activity,source:manual|chunk_level:child|chunk_type:activity|section:2|country:nz|source_version:nz-adapted|document_id:isupport-nz|module:3,isupport-nz,,NZ,child,
isupport_nz_c067,isupport-course,Section 3. Thinking differently,source:manual|chunk_level:child|chunk_type:body|section:3|country:nz|source_version:nz-adapted|document_id:isupport-nz|module:3|anger management|family carer|unhelpful thoughts|coping strategies|emotional support,isupport-nz,,NZ,child,
isupport_nz_c068,isupport-course,Section 3. Thinking differently — keep-in-mind,source:manual|chunk_level:child|chunk_type:keep-in-mind|section:3|country:nz|source_version:nz-adapted|document_id:isupport-nz|module:3|family carer|emotional distress|key loss|unhelpful advice|caregiver guilt|safety concerns,isupport-nz,,NZ,child,
isupport_nz_c069,isupport-course,Section 3. Thinking differently — keep-in-mind,source:manual|chunk_level:child|chunk_type:keep-in-mind|section:3|country:nz|source_version:nz-adapted|document_id:isupport-nz|module:3|unhelpful thoughts|family carer|mood|depression|functional ability|personality|caregiver guilt|disappointment,isupport-nz,,NZ,child,
isupport_nz_c070,isupport-course,Section 3. Thinking differently — keep-in-mind,source:manual|chunk_level:child|chunk_type:keep-in-mind|section:3|country:nz|source_version:nz-adapted|document_id:isupport-nz|module:3|family carer|cognitive reframing|emotional response|support system|caregiver guilt|social interaction|dementia care,isupport-nz,,NZ,child,
isupport_nz_c071,isupport-course,Section 3. Thinking differently — activity,source:manual|chunk_level:child|chunk_type:activity|section:3|country:nz|source_version:nz-adapted|document_id:isupport-nz|module:3|family carer|unhelpful thoughts|helpful thoughts|self-care|sharing feelings|asking for help|burden of care|dementia diagnosis,isupport-nz,,NZ,child,
isupport_nz_c072,isupport-course,Section 3. Thinking differently — keep-in-mind (Part 1),source:manual|chunk_level:child|chunk_type:keep-in-mind|section:3|country:nz|source_version:nz-adapted|document_id:isupport-nz|module:3|family carer|unhelpful thoughts|emotional response|social interactions|caregiver stress|supportive thinking,isupport-nz,,NZ,child,
isupport_nz_c073,isupport-course,Section 3. Thinking differently — keep-in-mind (Part 2),source:manual|chunk_level:child|chunk_type:keep-in-mind|section:3|country:nz|source_version:nz-adapted|document_id:isupport-nz|module:3,isupport-nz,,NZ,child,
isupport_nz_c074,isupport-course,Section 3. Thinking differently — keep-in-mind,source:manual|chunk_level:child|chunk_type:keep-in-mind|section:3|country:nz|source_version:nz-adapted|document_id:isupport-nz|module:3|family carer|self-care|emotional support|hospitalization|grief|day-to-day care|planning activities,isupport-nz,,NZ,child,
isupport_nz_c075,isupport-course,Section 5. Toileting and continence care,source:manual|chunk_level:child|chunk_type:body|section:5|country:nz|source_version:nz-adapted|document_id:isupport-nz|module:4|toileting routines|continence care|adapting routines|familiar activities|supportive environment|family carer,isupport-nz,,NZ,child,
isupport_nz_c076,isupport-course,Section 1. An enjoyable day,source:manual|chunk_level:child|chunk_type:body|section:1|country:nz|source_version:nz-adapted|document_id:isupport-nz|module:4|routine|stress reduction|daily activities|soothing music|evening routine|family carer|dementia care,isupport-nz,,NZ,child,
isupport_nz_c077,isupport-course,Section 1. An enjoyable day — keep-in-mind,source:manual|chunk_level:child|chunk_type:keep-in-mind|section:1|country:nz|source_version:nz-adapted|document_id:isupport-nz|module:4|early stage dementia|middle stage dementia|daily routine|walking|family carer|activity suggestion|tea drinking routine,isupport-nz,,NZ,child,
isupport_nz_c078,isupport-course,Section 1. An enjoyable day — keep-in-mind,source:manual|chunk_level:child|chunk_type:keep-in-mind|section:1|country:nz|source_version:nz-adapted|document_id:isupport-nz|module:4|baking|prior interests|activity planning|family carer|cognitive decline|support strategies,isupport-nz,,NZ,child,
isupport_nz_c079,isupport-course,Section 1. An enjoyable day — keep-in-mind,source:manual|chunk_level:child|chunk_type:keep-in-mind|section:1|country:nz|source_version:nz-adapted|document_id:isupport-nz|module:4|sundowning|family carer|maintaining routine|engagement activities|community center|changing abilities,isupport-nz,,NZ,child,
isupport_nz_c080,isupport-course,Section 1. An enjoyable day — activity,source:manual|chunk_level:child|chunk_type:activity|section:1|country:nz|source_version:nz-adapted|document_id:isupport-nz|module:4|establishing routines|mealtime activities|promoting self-worth|pleasant mealtimes|preventing dehydration|health conditions affecting eating|family carer,isupport-nz,,NZ,child,
isupport_nz_c081,isupport-course,Section 2. Eating and drinking - more pleasant,source:manual|chunk_level:child|chunk_type:body|section:2|country:nz|source_version:nz-adapted|document_id:isupport-nz|module:4|mealtime support|family carer|engagement in cooking|isolation|loss of appetite|meal preparation|cleaning activities,isupport-nz,,NZ,child,
isupport_nz_c082,isupport-course,Section 2. Eating and drinking - more pleasant — activity (Part 1),source:manual|chunk_level:child|chunk_type:activity|section:2|country:nz|source_version:nz-adapted|document_id:isupport-nz|module:4|mealtime activities|engagement|meal preparation|shopping together|table setting|washing dishes|cooking assistance|family carer,isupport-nz,,NZ,child,
isupport_nz_c083,isupport-course,Section 2. Eating and drinking - more pleasant — activity (Part 2),source:manual|chunk_level:child|chunk_type:activity|section:2|country:nz|source_version:nz-adapted|document_id:isupport-nz|module:4|toothache|refusal to eat|restlessness|facial expression of pain|poor appetite|small food amounts|long eating duration|food appeal|family mealtime|soft music|increased physical activity,isupport-nz,,NZ,child,
isupport_nz_c084,isupport-course,Section 2. Eating and drinking - more pleasant — activity,source:manual|chunk_level:child|chunk_type:activity|section:2|country:nz|source_version:nz-adapted|document_id:isupport-nz|module:4|eating difficulties|drinking difficulties|pain assessment|loose teeth|mouth ulcers|poorly fitting dentures|refusal to eat|restlessness|facial pain expression|toothache|diarrhoea|medication side effects|incontinence|bowel control issues|family carer|clinician,isupport-nz,,NZ,child,
isupport_nz_c085,isupport-course,Section 2. Eating and drinking - more pleasant — activity,source:manual|chunk_level:child|chunk_type:activity|section:2|country:nz|source_version:nz-adapted|document_id:isupport-nz|module:4|weight loss|weight gain|depression|forgets to eat|eats smaller amounts|eats regular amounts|loses weight|eats all food served|eats more snacks|obsessed with food|refuses to eat|no interest in food|increase food amount|provide preferred foods|increase flavourful foods|seek medical advice|memory loss|remind to eat and drink|model eating and drinking,isupport-nz,,NZ,child,
isupport_nz_c086,isupport-course,Section 2. Eating and drinking - more pleasant — activity,source:manual|chunk_level:child|chunk_type:activity|section:2|country:nz|source_version:nz-adapted|document_id:isupport-nz|module:4|eating and drinking|model eating|smaller portions|preventing dehydration|decreased thirst sensation|swallowing problems|alzheimer's disease|family carer,isupport-nz,,NZ,child,
isupport_nz_c087,isupport-course,Section 2. Eating and drinking - more pleasant — activity,source:manual|chunk_level:child|chunk_type:activity|section:2|country:nz|source_version:nz-adapted|document_id:isupport-nz|module:4|fluid intake|mealtime activities|encouragement to eat|self-worth|environment modification|utensil adaptation|heart condition|family carer|doctor's orders,isupport-nz,,NZ,child,
isupport_nz_c088,isupport-course,"Section 3. Eating, drinking and preventing health (Part 1)",source:manual|chunk_level:child|chunk_type:body|section:3|country:nz|source_version:nz-adapted|document_id:isupport-nz|module:4|eating problems|weight loss|flexible meal times|recording food intake|family carer|late stage dementia,isupport-nz,,NZ,child,
isupport_nz_c089,isupport-course,"Section 3. Eating, drinking and preventing health (Part 2)",source:manual|chunk_level:child|chunk_type:body|section:3|country:nz|source_version:nz-adapted|document_id:isupport-nz|module:4|inedible materials|aspiration pneumonia|eating safety|family carer|supervision|environmental safety,isupport-nz,,NZ,child,
isupport_nz_c090,isupport-course,"Section 3. Eating, drinking and preventing health (Part 3)",source:manual|chunk_level:child|chunk_type:body|section:3|country:nz|source_version:nz-adapted|document_id:isupport-nz|module:4|dysphagia|aspiration pneumonia|soft diet|thickened fluids|family carer|safe eating|hospital discharge,isupport-nz,,NZ,child,
isupport_nz_c091,isupport-course,Section 4. Personal care (Part 1),source:manual|chunk_level:child|chunk_type:body|section:4|country:nz|source_version:nz-adapted|document_id:isupport-nz|module:4|personal care|environment modification|visual cues|bathroom navigation|labeling items|contrasting colours|colour indicators|independent living|family carer,isupport-nz,,NZ,child,
isupport_nz_c092,isupport-course,Section 4. Personal care (Part 2),source:manual|chunk_level:child|chunk_type:body|section:4|country:nz|source_version:nz-adapted|document_id:isupport-nz|module:4|alzheimer's disease|daily dressing|oral care|bathing assistance|dressing difficulties|remaining skills|family carer|forgetfulness|clothing choices,isupport-nz,,NZ,child,
isupport_nz_c093,isupport-course,Section 4. Personal care — activity (Part 1),source:manual|chunk_level:child|chunk_type:activity|section:4|country:nz|source_version:nz-adapted|document_id:isupport-nz|module:4|personal care|oral hygiene|tooth brushing|denture care|mouth infections|bathing difficulties|alzheimer's disease|family carer|resistance to care,isupport-nz,,NZ,child,
isupport_nz_c094,isupport-course,Section 4. Personal care — activity (Part 2),source:manual|chunk_level:child|chunk_type:activity|section:4|country:nz|source_version:nz-adapted|document_id:isupport-nz|module:4|personal care|aggression|bathing assistance|sponge bath|non-slip mat|adaptive seating|grab bars|shower chair|falls prevention|family carer,isupport-nz,,NZ,child,
isupport_nz_c095,isupport-course,Section 4. Personal care — activity,source:manual|chunk_level:child|chunk_type:activity|section:4|country:nz|source_version:nz-adapted|document_id:isupport-nz|module:4|personal care|daytime clothing|shower preparation|hand washing|skin moisturization|grooming|dressing assistance|hygiene activities|skin problem checks|nail care|family carer,isupport-nz,,NZ,child,
isupport_nz_c096,isupport-course,Section 5. Toileting and continence (Part 1),source:manual|chunk_level:child|chunk_type:body|section:5|country:nz|source_version:nz-adapted|document_id:isupport-nz|module:4|vascular dementia|toileting difficulties|urinary incontinence|family carer|visual cues|nightlights|contrasting colours|step-by-step instructions,isupport-nz,,NZ,child,
isupport_nz_c097,isupport-course,Section 5. Toileting and continence (Part 2),source:manual|chunk_level:child|chunk_type:body|section:5|country:nz|source_version:nz-adapted|document_id:isupport-nz|module:4|incontinence|bladder control|public urination|toileting schedule|behavioral cues|agitation|stress|anxiety|family carer,isupport-nz,,NZ,child,
isupport_nz_c098,isupport-course,Section 5. Toileting and continence (Part 3),source:manual|chunk_level:child|chunk_type:body|section:5|country:nz|source_version:nz-adapted|document_id:isupport-nz|module:4|alzheimer's disease|incontinence|incontinence pads|scheduled toilet visits|personal hygiene|family carer|skin problems,isupport-nz,,NZ,child,
isupport_nz_c099,isupport-course,Section 5. Toileting and continence (Part 4),source:manual|chunk_level:child|chunk_type:body|section:5|country:nz|source_version:nz-adapted|document_id:isupport-nz|module:4|toileting|incontinence|bladder accidents|bowel accidents|environment modification|regular toilet visits|incontinence aids|skin irritation|genital care|urinary tract infection|hydration|family carer,isupport-nz,,NZ,child,
isupport_nz_c100,isupport-course,Section 10. Putting it all together,source:manual|chunk_level:child|chunk_type:body|section:10|country:nz|source_version:nz-adapted|document_id:isupport-nz|module:5|behaviour changes|psychological needs|cycle of behaviour change|family carer|coping strategies|recognising changes,isupport-nz,,NZ,child,
isupport_nz_c101,isupport-course,Section 1. Introduction to changes in behaviour,source:manual|chunk_level:child|chunk_type:body|section:1|country:nz|source_version:nz-adapted|document_id:isupport-nz|module:5,isupport-nz,,NZ,child,
isupport_nz_c102,isupport-course,Section 1. Introduction to changes in behaviour — activity,source:manual|chunk_level:child|chunk_type:activity|section:1|country:nz|source_version:nz-adapted|document_id:isupport-nz|module:5|memory loss|aggression|depression|anxiety|apathy|difficulty sleeping|delusions|hallucinations|emotional changes|restlessness at night|misinterpretation of reality|family carer,isupport-nz,,NZ,child,
isupport_nz_c103,isupport-course,Section 1. Introduction to changes in behaviour — activity (Part 1),source:manual|chunk_level:child|chunk_type:activity|section:1|country:nz|source_version:nz-adapted|document_id:isupport-nz|module:5|repetitive behaviour|wandering|changes in judgement|repeating questions|acting inappropriately|relationship impact|family carer|emotional distress,isupport-nz,,NZ,child,
isupport_nz_c104,isupport-course,Section 1. Introduction to changes in behaviour — activity (Part 2),source:manual|chunk_level:child|chunk_type:activity|section:1|country:nz|source_version:nz-adapted|document_id:isupport-nz|module:5|psychological needs|meaningful occupation|identity|negative past experiences|sense of purpose|aggression|family carer,isupport-nz,,NZ,child,
isupport_nz_c105,isupport-course,Section 1. Introduction to changes in behaviour — activity (Part 3),source:manual|chunk_level:child|chunk_type:activity|section:1|country:nz|source_version:nz-adapted|document_id:isupport-nz|module:5|behaviour change|family carer|frustration|family diary|social events|memory support,isupport-nz,,NZ,child,
isupport_nz_c106,isupport-course,Section 1. Introduction to changes in behaviour — activity,source:manual|chunk_level:child|chunk_type:activity|section:1|country:nz|source_version:nz-adapted|document_id:isupport-nz|module:5|behaviour changes|stressful behaviour|response strategies|professional help|memory loss|family carer,isupport-nz,,NZ,child,
isupport_nz_c107,isupport-course,Section 2. Memory loss,source:manual|chunk_level:child|chunk_type:body|parent_key:module-6-section-2-heading-section-2-memory-loss|section:2|country:nz|source_version:nz-adapted|document_id:isupport-nz|module:5|memory loss|recent memory|childhood memories|important dates|appointments|family carer,isupport-nz,,NZ,child,
isupport_nz_c108,isupport-course,Section 2. Memory loss — activity (Part 1),source:manual|chunk_level:child|chunk_type:activity|parent_key:module-6-section-2-heading-section-2-memory-loss|section:2|country:nz|source_version:nz-adapted|document_id:isupport-nz|module:5|memory loss|grocery shopping|family carer|social engagement|neighbour support,isupport-nz,,NZ,child,
isupport_nz_c109,isupport-course,Section 2. Memory loss — activity (Part 2),source:manual|chunk_level:child|chunk_type:activity|parent_key:module-6-section-2-heading-section-2-memory-loss|section:2|country:nz|source_version:nz-adapted|document_id:isupport-nz|module:5|memory loss|medication management|pill reminder box|memory aids|family carer|independent medication taking,isupport-nz,,NZ,child,
isupport_nz_c110,isupport-course,Section 2. Memory loss — activity,source:manual|chunk_level:child|chunk_type:activity|parent_key:module-6-section-2-heading-section-2-memory-loss|section:2|country:nz|source_version:nz-adapted|document_id:isupport-nz|module:5|memory loss|memory aids|stress management|family carer|repetitive questioning|support strategies|good and bad days,isupport-nz,,NZ,child,
isupport_nz_c111,isupport-course,Section 3. Repetitive behaviour,source:manual|chunk_level:child|chunk_type:body|section:3|country:nz|source_version:nz-adapted|document_id:isupport-nz|module:5|repetitive behaviour|repetitive questioning|anxiety|restlessness|fidgeting|family carer,isupport-nz,,NZ,child,
isupport_nz_c112,isupport-course,Section 3. Repetitive behaviour — activity (Part 1),source:manual|chunk_level:child|chunk_type:activity|section:3|country:nz|source_version:nz-adapted|document_id:isupport-nz|module:5|repetitive behaviour|loneliness|separation anxiety|feelings of insecurity|under stimulation|over stimulation|inability to express needs|family carer,isupport-nz,,NZ,child,
isupport_nz_c113,isupport-course,Section 3. Repetitive behaviour — activity (Part 2),source:manual|chunk_level:child|chunk_type:activity|section:3|country:nz|source_version:nz-adapted|document_id:isupport-nz|module:5|repetitive questioning|family carer|anxiety|father-son relationship|communication challenges,isupport-nz,,NZ,child,
isupport_nz_c114,isupport-course,Section 3. Repetitive behaviour — activity,source:manual|chunk_level:child|chunk_type:activity|section:3|country:nz|source_version:nz-adapted|document_id:isupport-nz|module:5|repetitive behaviour|stress management|comforting techniques|identifying triggers|response adaptation|mood changes|interest in activities|family carer,isupport-nz,,NZ,child,
isupport_nz_c115,isupport-course,"Section 4. Depression, anxiety and apathy (Part 1)",source:manual|chunk_level:child|chunk_type:body|section:4|country:nz|source_version:nz-adapted|document_id:isupport-nz|module:5|depression|anxiety|apathy|mood changes|emotional reactions|withdrawn behaviour|agitation|restlessness|frustration|sadness|family carer,isupport-nz,,NZ,child,
isupport_nz_c116,isupport-course,"Section 4. Depression, anxiety and apathy (Part 2)",source:manual|chunk_level:child|chunk_type:body|section:4|country:nz|source_version:nz-adapted|document_id:isupport-nz|module:5|anxiety|pacing|hand wringing|reassurance|family carer|emotional response,isupport-nz,,NZ,child,
isupport_nz_c117,isupport-course,"Section 4. Depression, anxiety and apathy (Part 3)",source:manual|chunk_level:child|chunk_type:body|section:4|country:nz|source_version:nz-adapted|document_id:isupport-nz|module:5|apathy|loss of interest|daily activities|george|sofia|family carer|engagement strategies,isupport-nz,,NZ,child,
isupport_nz_c118,isupport-course,"Section 4. Depression, anxiety and apathy — activity",source:manual|chunk_level:child|chunk_type:activity|section:4|country:nz|source_version:nz-adapted|document_id:isupport-nz|module:5|depression|anxiety|mood changes|apathy|support strategies|family carer|self-harm risk,isupport-nz,,NZ,child,
isupport_nz_c119,isupport-course,Section 5. Difficulty sleeping,source:manual|chunk_level:child|chunk_type:body|section:5|country:nz|source_version:nz-adapted|document_id:isupport-nz|module:5|sleeping difficulties|difficulty falling asleep|night waking|early waking|family carer|promote good sleep|restlessness,isupport-nz,,NZ,child,
isupport_nz_c120,isupport-course,Section 5. Difficulty sleeping — activity (Part 1),source:manual|chunk_level:child|chunk_type:activity|section:5|country:nz|source_version:nz-adapted|document_id:isupport-nz|module:5|difficulty sleeping|physical exercise|daytime naps|light dinner|bedtime routine|soothing music|fluid intake|family carer,isupport-nz,,NZ,child,
isupport_nz_c121,isupport-course,Section 5. Difficulty sleeping — activity (Part 2),source:manual|chunk_level:child|chunk_type:activity|section:5|country:nz|source_version:nz-adapted|document_id:isupport-nz|module:5|difficulty sleeping|night waking|relaxation techniques|dark room|soft music|night light|blanket|massage|medical appointment|urinary tract infection|pain|medication side effects|family carer,isupport-nz,,NZ,child,
isupport_nz_c122,isupport-course,Section 5. Difficulty sleeping — activity (Part 3),source:manual|chunk_level:child|chunk_type:activity|section:5|country:nz|source_version:nz-adapted|document_id:isupport-nz|module:5,isupport-nz,,NZ,child,
isupport_nz_c123,isupport-course,Section 5. Difficulty sleeping — activity,source:manual|chunk_level:child|chunk_type:activity|section:5|country:nz|source_version:nz-adapted|document_id:isupport-nz|module:5|difficulty sleeping|waking up at night|falling asleep|stress management|comfort measures|sleeping problems|family carer,isupport-nz,,NZ,child,
isupport_nz_c124,isupport-course,Section 6. Walking and getting lost (Part 1),source:manual|chunk_level:child|chunk_type:body|section:6|country:nz|source_version:nz-adapted|document_id:isupport-nz|module:5|walking|getting lost|safety concerns|wandering|exercise|family carer,isupport-nz,,NZ,child,
isupport_nz_c125,isupport-course,Section 6. Walking and getting lost (Part 2),source:manual|chunk_level:child|chunk_type:body|section:6|country:nz|source_version:nz-adapted|document_id:isupport-nz|module:5|compulsive walking|disorientation|reassurance techniques|risk of getting lost|identification|safety measures|family carer,isupport-nz,,NZ,child,
isupport_nz_c126,isupport-course,Section 6. Walking and getting lost (Part 3),source:manual|chunk_level:child|chunk_type:body|section:6|country:nz|source_version:nz-adapted|document_id:isupport-nz|module:5|afternoon walks|family carer|calm communication|dealing with wandering|supportive spouse|cooking dinner|safety intervention|neighbour assistance,isupport-nz,,NZ,child,
isupport_nz_c127,isupport-course,Section 6. Walking and getting lost — activity,source:manual|chunk_level:child|chunk_type:activity|section:6|country:nz|source_version:nz-adapted|document_id:isupport-nz|module:5|walking|getting lost|safety risk|upsetting behavior|response strategies|family carer,isupport-nz,,NZ,child,
isupport_nz_c128,isupport-course,Section 7. Changes in judgement,source:manual|chunk_level:child|chunk_type:body|section:7|country:nz|source_version:nz-adapted|document_id:isupport-nz|module:5|changes in judgement|inappropriate behavior|financial management|driving safety|stress for carer|guidance and reassurance|family carer,isupport-nz,,NZ,child,
isupport_nz_c129,isupport-course,Section 7. Changes in judgement — activity (Part 1),source:manual|chunk_level:child|chunk_type:activity|section:7|country:nz|source_version:nz-adapted|document_id:isupport-nz|module:5|changes in judgement|dementia progression|family carer|reassurance techniques|managing behaviour|dementia symptoms|anxiety in dementia,isupport-nz,,NZ,child,
isupport_nz_c130,isupport-course,Section 7. Changes in judgement — activity (Part 2),source:manual|chunk_level:child|chunk_type:activity|section:7|country:nz|source_version:nz-adapted|document_id:isupport-nz|module:5|changes in judgement|financial concerns|family carer|risk of exploitation|living alone|serious changes in judgement,isupport-nz,,NZ,child,
isupport_nz_c131,isupport-course,Section 7. Changes in judgement — activity (Part 3),source:manual|chunk_level:child|chunk_type:activity|section:7|country:nz|source_version:nz-adapted|document_id:isupport-nz|module:5|driving cessation|independence loss|social isolation|community involvement|public transportation|regular rides|family carer|dementia care|judgement changes,isupport-nz,,NZ,child,
isupport_nz_c132,isupport-course,Section 7. Changes in judgement — activity (Part 4),source:manual|chunk_level:child|chunk_type:activity|section:7|country:nz|source_version:nz-adapted|document_id:isupport-nz|module:5|inappropriate sexual advances|changes in judgement|family carer|in-home aide|male aide|professional help,isupport-nz,,NZ,child,
isupport_nz_c133,isupport-course,Section 7. Changes in judgement — activity,source:manual|chunk_level:child|chunk_type:activity|section:7|country:nz|source_version:nz-adapted|document_id:isupport-nz|module:5|changes in judgement|decision-making|upsetting behaviours|family carer|dementia progression|supported decision-making|distressing responses|planning for changes,isupport-nz,,NZ,child,
isupport_nz_c134,isupport-course,Section 8. Aggression,source:manual|chunk_level:child|chunk_type:body|parent_key:module-6-section-8-heading-section-8-aggression|section:8|country:nz|source_version:nz-adapted|document_id:isupport-nz|module:5|aggression|unmet needs|urinary tract infection|medication side effects|social situation difficulties|personality changes|mental health changes|family carer|aged care worker,isupport-nz,,NZ,child,
isupport_nz_c135,isupport-course,Section 8. Aggression — activity (Part 1),source:manual|chunk_level:child|chunk_type:activity|parent_key:module-6-section-8-heading-section-8-aggression|section:8|country:nz|source_version:nz-adapted|document_id:isupport-nz|module:5|aggression|behaviour change|urinary infection|antecedent|stressful responses|environmental triggers|time of day|activity-related behaviour|family carer|clinician,isupport-nz,,NZ,child,
isupport_nz_c136,isupport-course,Section 8. Aggression — activity (Part 2),source:manual|chunk_level:child|chunk_type:activity|parent_key:module-6-section-8-heading-section-8-aggression|section:8|country:nz|source_version:nz-adapted|document_id:isupport-nz|module:5|aggressive behaviour|soothing music|maintaining dignity|privacy|relaxation techniques|family carer,isupport-nz,,NZ,child,
isupport_nz_c137,isupport-course,Section 8. Aggression — activity (Part 3),source:manual|chunk_level:child|chunk_type:activity|parent_key:module-6-section-8-heading-section-8-aggression|section:8|country:nz|source_version:nz-adapted|document_id:isupport-nz|module:5|aggression|ongoing aggressive behaviour|positive responses|distressing behaviour|family carer|dementia reaction|changing unhelpful thoughts|suggestions from others,isupport-nz,,NZ,child,
isupport_nz_c138,isupport-course,Section 8. Aggression — activity,source:manual|chunk_level:child|chunk_type:activity|parent_key:module-6-section-8-heading-section-8-aggression|section:8|country:nz|source_version:nz-adapted|document_id:isupport-nz|module:5|aggression|shouting|pushing|calming environment|maintaining dignity|carer support|dementia behaviour|activity engagement|family carer,isupport-nz,,NZ,child,
isupport_nz_c139,isupport-course,Section 9. Delusions and hallucinations,source:manual|chunk_level:child|chunk_type:body|section:9|country:nz|source_version:nz-adapted|document_id:isupport-nz|module:5|delusions|hallucinations|false beliefs|self-protective behaviours|distress|understanding|support|family carer,isupport-nz,,NZ,child,
isupport_nz_c140,isupport-course,Section 9. Delusions and hallucinations — activity (Part 1),source:manual|chunk_level:child|chunk_type:activity|section:9|country:nz|source_version:nz-adapted|document_id:isupport-nz|module:5|delusions|hallucinations|mistaken identity|emotional distress|soothing techniques|family carer|dementia activity,isupport-nz,,NZ,child,
isupport_nz_c141,isupport-course,Section 9. Delusions and hallucinations — activity (Part 2),source:manual|chunk_level:child|chunk_type:activity|section:9|country:nz|source_version:nz-adapted|document_id:isupport-nz|module:5|delusions|hallucinations|visual hallucinations|restlessness|calm reassurance|family carer,isupport-nz,,NZ,child,
isupport_nz_c142,isupport-course,Section 9. Delusions and hallucinations — activity (Part 3),source:manual|chunk_level:child|chunk_type:activity|section:9|country:nz|source_version:nz-adapted|document_id:isupport-nz|module:5|delirium|acute change in consciousness|delusions|hallucinations|reversible condition|cognitive impairment|risk factors|older age|infection|severe illness|multiple medications|recent surgery|dehydration|family carer,isupport-nz,,NZ,child,
isupport_nz_c143,isupport-course,Section 9. Delusions and hallucinations — activity,source:manual|chunk_level:child|chunk_type:activity|section:9|country:nz|source_version:nz-adapted|document_id:isupport-nz|module:5|delusions|hallucinations|pleasant hallucinations|reassurance|comforting|distracting|environmental triggers|family carer,isupport-nz,,NZ,child,
isupport_nz_c144,isupport-course,Section 10. Putting it all,source:manual|chunk_level:child|chunk_type:body|section:10|country:nz|source_version:nz-adapted|document_id:isupport-nz|module:5|behaviour changes|stress management|memory aids|distraction techniques|environmental factors|consult medical doctor|good and bad days|family carer,isupport-nz,,NZ,child,
isupport_nz_c145,isupport-course,Section 9. Changes in judgement,source:manual|chunk_level:child|chunk_type:body|section:9|country:nz|source_version:nz-adapted|document_id:isupport-nz|module:5|self-blame|sharing feelings|respite support|family carer|emotional support|managing feelings,isupport-nz,,NZ,child,
isupport_nz_c146,isupport-course,Section 10. Putting it all together (Part 1),source:manual|chunk_level:child|chunk_type:body|section:10|country:nz|source_version:nz-adapted|document_id:isupport-nz|module:5|respite support|carer well-being|changed behaviour|communication efforts|family carer|alzheimer's nz,isupport-nz,,NZ,child,
isupport_nz_c148,isupport-course,Section 3. Thinking differently,source:manual|chunk_level:child|chunk_type:body|module:5|section:3|country:nz|source_version:nz-adapted|document_id:isupport-nz|family carer|self-care|guilt management|shared caregiving|support networks|long-term care|help-seeking,isupport-nz,,NZ,child,
isupport_nz_p003,isupport-course,Section 4. Planning for the future — section summary,source:manual|chunk_level:parent|chunk_type:section-summary|section:4|country:nz|source_version:nz-adapted|document_id:isupport-nz|module:1,isupport-nz,,NZ,parent,
isupport_nz_p004,isupport-course,Section 1. Types of dementia and the progression — section summary,source:manual|chunk_level:parent|chunk_type:section-summary|section:1|country:nz|source_version:nz-adapted|document_id:isupport-nz|module:1,isupport-nz,,NZ,parent,
isupport_nz_p005,isupport-course,Section 2. Optimising brain health — section summary,source:manual|chunk_level:parent|chunk_type:section-summary|section:2|country:nz|source_version:nz-adapted|document_id:isupport-nz|module:1|dementia risk factors|modifiable risk factors|unmodifiable risk factors|age|genetics,isupport-nz,,NZ,parent,
isupport_nz_p006,isupport-course,Section 3. Person-centred care — section summary,source:manual|chunk_level:parent|chunk_type:section-summary|section:3|country:nz|source_version:nz-adapted|document_id:isupport-nz|module:1|person-centred care|personhood|individuality|unique personality|life experiences|needs and preferences,isupport-nz,,NZ,parent,
isupport_nz_p007,isupport-course,Section 4. Planning for the future — section summary,source:manual|chunk_level:parent|chunk_type:section-summary|section:4|country:nz|source_version:nz-adapted|document_id:isupport-nz|module:1|planning for the future|decision making|treatment planning|financial management|legal affairs|care planning|family carer,isupport-nz,,NZ,parent,
isupport_nz_p008,isupport-course,Section 3. Supported decision-making — section summary,source:manual|chunk_level:parent|chunk_type:section-summary|section:3|country:nz|source_version:nz-adapted|document_id:isupport-nz|module:2|supported decision-making|role change|day-to-day assistance|family carer,isupport-nz,,NZ,parent,
isupport_nz_p009,isupport-course,Section 1. The journey — section summary,source:manual|chunk_level:parent|chunk_type:section-summary|parent_key:module-2-section-1-heading-section-1-the-journey|section:1|country:nz|source_version:nz-adapted|document_id:isupport-nz|module:2|memory loss|shopping difficulties|family carer,isupport-nz,,NZ,parent,
isupport_nz_p010,isupport-course,Section 1. The journey — section summary,source:manual|chunk_level:parent|chunk_type:section-summary|parent_key:module-3-section-1-heading-section-1-the-journey|section:1|country:nz|source_version:nz-adapted|document_id:isupport-nz|module:2|friendship challenges|emotional support|communication|family carer,isupport-nz,,NZ,parent,
isupport_nz_p011,isupport-course,Section 2. Improving communication — section summary,source:manual|chunk_level:parent|chunk_type:section-summary|section:2|country:nz|source_version:nz-adapted|document_id:isupport-nz|module:2|communication techniques|hearing impairment|vision impairment|environmental modifications|medical check-ups|family carer,isupport-nz,,NZ,parent,
isupport_nz_p012,isupport-course,Section 5. Responding with respect — section summary,source:manual|chunk_level:parent|chunk_type:section-summary|module:3|section:5|country:nz|source_version:nz-adapted|document_id:isupport-nz|communication difficulties|family carer|respectful interaction|word finding difficulties|father-son relationship,isupport-nz,,NZ,parent,
isupport_nz_p013,isupport-course,Section 3. Supported decision-making — section summary,source:manual|chunk_level:parent|chunk_type:section-summary|section:3|country:nz|source_version:nz-adapted|document_id:isupport-nz|module:2|memory loss|decision-making|cognitive difficulties|independence|supported decision-making,isupport-nz,,NZ,parent,
isupport_nz_p014,isupport-course,Section 4. Involving others — section summary,source:manual|chunk_level:parent|chunk_type:section-summary|section:4|country:nz|source_version:nz-adapted|document_id:isupport-nz|module:2|family carer|support types|dementia care|caregiver support,isupport-nz,,NZ,parent,
isupport_nz_p015,isupport-course,Section 3. Thinking differently — section summary,source:manual|chunk_level:parent|chunk_type:section-summary|section:3|country:nz|source_version:nz-adapted|document_id:isupport-nz|module:3|self-care|stress reduction|energy renewal|quick exercises|family carer,isupport-nz,,NZ,parent,
isupport_nz_p016,isupport-course,Section 1. Reducing stress in everyday life — section summary,source:manual|chunk_level:parent|chunk_type:section-summary|section:1|country:nz|source_version:nz-adapted|document_id:isupport-nz|module:3|reducing stress|relaxation techniques|family carer|caregiver stress|dementia care,isupport-nz,,NZ,parent,
isupport_nz_p017,isupport-course,Section 2. Making time for — section summary,source:manual|chunk_level:parent|chunk_type:section-summary|section:2|country:nz|source_version:nz-adapted|document_id:isupport-nz|module:3|family carer|afternoon naps|sleep deprivation,isupport-nz,,NZ,parent,
isupport_nz_p018,isupport-course,Section 3. Thinking differently — section summary,source:manual|chunk_level:parent|chunk_type:section-summary|section:3|country:nz|source_version:nz-adapted|document_id:isupport-nz|module:3|anger|cancellation|lost items|family carer,isupport-nz,,NZ,parent,
isupport_nz_p019,isupport-course,Section 5. Toileting and continence care — section summary,source:manual|chunk_level:parent|chunk_type:section-summary|section:5|country:nz|source_version:nz-adapted|document_id:isupport-nz|module:4,isupport-nz,,NZ,parent,
isupport_nz_p020,isupport-course,Section 1. An enjoyable day — section summary,source:manual|chunk_level:parent|chunk_type:section-summary|section:1|country:nz|source_version:nz-adapted|document_id:isupport-nz|module:4|routine|daily activities|person living with dementia|family carer,isupport-nz,,NZ,parent,
isupport_nz_p021,isupport-course,Section 2. Eating and drinking - more pleasant — section summary,source:manual|chunk_level:parent|chunk_type:section-summary|section:2|country:nz|source_version:nz-adapted|document_id:isupport-nz|module:4|recent bereavement|family dynamics|mealtime routines|family carer,isupport-nz,,NZ,parent,
isupport_nz_p022,isupport-course,"Section 3. Eating, drinking and preventing health — section summary",source:manual|chunk_level:parent|chunk_type:section-summary|section:3|country:nz|source_version:nz-adapted|document_id:isupport-nz|module:4|sleep disturbances|difficulty waking|meal assistance|family carer|dementia care|eating problems,isupport-nz,,NZ,parent,
isupport_nz_p023,isupport-course,Section 4. Personal care — section summary,source:manual|chunk_level:parent|chunk_type:section-summary|section:4|country:nz|source_version:nz-adapted|document_id:isupport-nz|module:4|personal care|finding bathroom|labeling items|visual cues|contrasting colours|independent activities|family carer,isupport-nz,,NZ,parent,
isupport_nz_p024,isupport-course,Section 5. Toileting and continence — section summary,source:manual|chunk_level:parent|chunk_type:section-summary|section:5|country:nz|source_version:nz-adapted|document_id:isupport-nz|module:4|vascular dementia|urinary incontinence|toileting difficulties|family carer|self-toileting|urinating on the floor,isupport-nz,,NZ,parent,
isupport_nz_p025,isupport-course,Section 10. Putting it all together — section summary,source:manual|chunk_level:parent|chunk_type:section-summary|section:10|country:nz|source_version:nz-adapted|document_id:isupport-nz|module:5,isupport-nz,,NZ,parent,
isupport_nz_p026,isupport-course,Section 1. Introduction to changes in behaviour — section summary,source:manual|chunk_level:parent|chunk_type:section-summary|section:1|country:nz|source_version:nz-adapted|document_id:isupport-nz|module:5,isupport-nz,,NZ,parent,
isupport_nz_p027,isupport-course,Section 2. Memory loss — section summary,source:manual|chunk_level:parent|chunk_type:section-summary|parent_key:module-6-section-2-heading-section-2-memory-loss|section:2|country:nz|source_version:nz-adapted|document_id:isupport-nz|module:5|memory loss|family carer,isupport-nz,,NZ,parent,
isupport_nz_p028,isupport-course,Section 3. Repetitive behaviour — section summary,source:manual|chunk_level:parent|chunk_type:section-summary|section:3|country:nz|source_version:nz-adapted|document_id:isupport-nz|module:5|repetitive behaviour|repeated questions|memory loss|family carer,isupport-nz,,NZ,parent,
isupport_nz_p029,isupport-course,"Section 4. Depression, anxiety and apathy — section summary",source:manual|chunk_level:parent|chunk_type:section-summary|section:4|country:nz|source_version:nz-adapted|document_id:isupport-nz|module:5|depression|anxiety|apathy|mood changes|interest in activities,isupport-nz,,NZ,parent,
isupport_nz_p030,isupport-course,Section 5. Difficulty sleeping — section summary,source:manual|chunk_level:parent|chunk_type:section-summary|section:5|country:nz|source_version:nz-adapted|document_id:isupport-nz|module:5|sleeping problems|difficulty sleeping|family carer,isupport-nz,,NZ,parent,
isupport_nz_p031,isupport-course,Section 6. Walking and getting lost — section summary,source:manual|chunk_level:parent|chunk_type:section-summary|section:6|country:nz|source_version:nz-adapted|document_id:isupport-nz|module:5,isupport-nz,,NZ,parent,
isupport_nz_p032,isupport-course,Section 7. Changes in judgement — section summary,source:manual|chunk_level:parent|chunk_type:section-summary|section:7|country:nz|source_version:nz-adapted|document_id:isupport-nz|module:5|changes in judgement|inappropriate behavior|understanding limitations,isupport-nz,,NZ,parent,
isupport_nz_p033,isupport-course,Section 8. Aggression — section summary,source:manual|chunk_level:parent|chunk_type:section-summary|parent_key:module-6-section-8-heading-section-8-aggression|section:8|country:nz|source_version:nz-adapted|document_id:isupport-nz|module:5|aggression|anger|violent behavior|family carer,isupport-nz,,NZ,parent,
isupport_nz_p034,isupport-course,Section 9. Delusions and hallucinations — section summary,source:manual|chunk_level:parent|chunk_type:section-summary|section:9|country:nz|source_version:nz-adapted|document_id:isupport-nz|module:5|delusions|hallucinations|false ideas|cognitive changes|family carer,isupport-nz,,NZ,parent,
isupport_nz_p035,isupport-course,Section 10. Putting it all — section summary,source:manual|chunk_level:parent|chunk_type:section-summary|section:10|country:nz|source_version:nz-adapted|document_id:isupport-nz|module:5|behaviour changes|stress management|family carer,isupport-nz,,NZ,parent,
isupport_nz_p036,isupport-course,Section 9. Changes in judgement — section summary,source:manual|chunk_level:parent|chunk_type:section-summary|section:9|country:nz|source_version:nz-adapted|document_id:isupport-nz|module:5,isupport-nz,,NZ,parent,
isupport_nz_p037,isupport-course,Section 10. Putting it all together — section summary,source:manual|chunk_level:parent|chunk_type:section-summary|section:10|country:nz|source_version:nz-adapted|document_id:isupport-nz|module:5|respite support|carer well-being|family carer|support services,isupport-nz,,NZ,parent,
isupport_who_c001,isupport-course,WHO original iSupport (Part 1),source:manual|chunk_level:child|chunk_type:body|parent_key:heading-who-original-isupport|country:global|source_version:who-original|document_id:isupport-who,isupport-who,,GLOBAL,child,
isupport_who_c004,isupport-course,Lesson 10. Putting it all together 257 (Part 2),source:manual|chunk_level:child|chunk_type:body|section:10|country:global|source_version:who-original|document_id:isupport-who|module:5|carer well-being|emotional impact|financial impact|social relationships|education for carers|skills training|respite care|social support|evidence-based resources|world health organization|isupport programme|manual for carers,isupport-who,,GLOBAL,child,
isupport_who_c008,isupport-course,MODULE 1 — activity (Part 1),source:manual|chunk_level:child|chunk_type:activity|parent_key:module-1-heading-module-1|module:1|country:global|source_version:who-original|document_id:isupport-who,isupport-who,,GLOBAL,child,
isupport_who_c009,isupport-course,MODULE 1 — activity (Part 2),source:manual|chunk_level:child|chunk_type:activity|parent_key:module-1-heading-module-1|module:1|country:global|source_version:who-original|document_id:isupport-who|alzheimer's disease|vascular dementia|nerve cell damage|memory storage|younger onset dementia|brain cell destruction,isupport-who,,GLOBAL,child,
isupport_who_c010,isupport-course,MODULE 1 — activity (Part 3),source:manual|chunk_level:child|chunk_type:activity|parent_key:module-1-heading-module-1|module:1|country:global|source_version:who-original|document_id:isupport-who|memory loss|disorientation|decision making difficulties|early stage dementia|middle stage dementia|daily activities|caregiver assistance,isupport-who,,GLOBAL,child,
isupport_who_c011,isupport-course,MODULE 1 — activity (Part 4),source:manual|chunk_level:child|chunk_type:activity|parent_key:module-1-heading-module-1|module:1|country:global|source_version:who-original|document_id:isupport-who|memory problems|medical doctor|treatable conditions|depression|urinary tract infection|medication side effects|vitamin deficiency|brain tumor|family member|friend,isupport-who,,GLOBAL,child,
isupport_who_c012,isupport-course,MODULE 1 — keep-in-mind,source:manual|chunk_level:child|chunk_type:keep-in-mind|parent_key:module-1-heading-module-1|module:1|country:global|source_version:who-original|document_id:isupport-who|memory problems|self-care|medical examination|family carer|support resources,isupport-who,,GLOBAL,child,
isupport_who_c013,isupport-course,Lesson 4. Involving others,source:manual|chunk_level:child|chunk_type:body|section:4|country:global|source_version:who-original|document_id:isupport-who|module:2|role changes|early stages|middle stages|later stages|everyday tasks|personal care|bathing|toileting|dressing|carer stress|appointments|medication management|family carer,isupport-who,,GLOBAL,child,
isupport_who_c014,isupport-course,Lesson 1. The journey together (Part 1),source:manual|chunk_level:child|chunk_type:body|section:1|country:global|source_version:who-original|document_id:isupport-who|module:2|memory loss|frustration|family carer|communication strategies|shopping list|supportive approach,isupport-who,,GLOBAL,child,
isupport_who_c015,isupport-course,Lesson 1. The journey together (Part 2),source:manual|chunk_level:child|chunk_type:body|section:1|country:global|source_version:who-original|document_id:isupport-who|module:2|friendship challenges|family support|in-home helper|breaks for caregivers|loneliness in caregiving|family carer,isupport-who,,GLOBAL,child,
isupport_who_c016,isupport-course,Lesson 1. The journey together (Part 3),source:manual|chunk_level:child|chunk_type:body|section:1|country:global|source_version:who-original|document_id:isupport-who|module:2|intimacy|physical relationship|early stage dementia|touch|gentle massage|family carer,isupport-who,,GLOBAL,child,
isupport_who_c017,isupport-course,Lesson 1. The journey together (Part 4),source:manual|chunk_level:child|chunk_type:body|section:1|country:global|source_version:who-original|document_id:isupport-who|module:2|memory loss|communication strategies|maintaining independence|shopping list|family carer|emotional support|frustration|connection,isupport-who,,GLOBAL,child,
isupport_who_c018,isupport-course,Lesson 1. The journey together (Part 5),source:manual|chunk_level:child|chunk_type:body|section:1|country:global|source_version:who-original|document_id:isupport-who|module:2|communication difficulties|simple communication|compassion|respectful attention|check hearing|check vision|pay attention to reactions|give compliments|family carer,isupport-who,,GLOBAL,child,
isupport_who_c019,isupport-course,Lesson 2. Improving communication (Part 1),source:manual|chunk_level:child|chunk_type:body|section:2|country:global|source_version:who-original|document_id:isupport-who|module:2|communication skills|hearing impairment|visual impairment|environmental modifications|compassionate care|family carer|medical check-ups,isupport-who,,GLOBAL,child,
isupport_who_c020,isupport-course,Lesson 2. Improving communication (Part 2),source:manual|chunk_level:child|chunk_type:body|section:2|country:global|source_version:who-original|document_id:isupport-who|module:2|hearing impairment|communication strategies|background noise|hearing aid|dementia care|family carer|clinician,isupport-who,,GLOBAL,child,
isupport_who_c021,isupport-course,Lesson 2. Improving communication (Part 3),source:manual|chunk_level:child|chunk_type:body|section:2|country:global|source_version:who-original|document_id:isupport-who|module:2|communication impairment|background noise|multiple questions|simple language|closed-ended questions|family carer,isupport-who,,GLOBAL,child,
isupport_who_c022,isupport-course,Lesson 2. Improving communication — keep-in-mind,source:manual|chunk_level:child|chunk_type:keep-in-mind|section:2|country:global|source_version:who-original|document_id:isupport-who|module:2|communication skills|impaired communication|family carer|taking seriously|caregiver strategies,isupport-who,,GLOBAL,child,
isupport_who_c023,isupport-course,Lesson 2. Improving communication — keep-in-mind,source:manual|chunk_level:child|chunk_type:keep-in-mind|section:2|country:global|source_version:who-original|document_id:isupport-who|module:2|communication strategies|complimenting|positive reinforcement|family carer|caregiver techniques,isupport-who,,GLOBAL,child,
isupport_who_c024,isupport-course,Lesson 2. Improving communication — keep-in-mind,source:manual|chunk_level:child|chunk_type:keep-in-mind|section:2|country:global|source_version:who-original|document_id:isupport-who|module:2|communication difficulties|repetitive questioning|showing compassion|family carer|supporting loved ones,isupport-who,,GLOBAL,child,
isupport_who_c025,isupport-course,Lesson 2. Improving communication — keep-in-mind (Part 1),source:manual|chunk_level:child|chunk_type:keep-in-mind|section:2|country:global|source_version:who-original|document_id:isupport-who|module:2|communication skills|showing compassion|respectful attention|paying attention to reactions|simple communication|grieving process|supportive setting|family carer,isupport-who,,GLOBAL,child,
isupport_who_c026,isupport-course,Lesson 2. Improving communication — keep-in-mind (Part 2),source:manual|chunk_level:child|chunk_type:keep-in-mind|section:2|country:global|source_version:who-original|document_id:isupport-who|module:2|communication difficulties|distraction|concentration issues|multiple questions|family carer|focused attention,isupport-who,,GLOBAL,child,
isupport_who_c027,isupport-course,Lesson 2. Improving communication — keep-in-mind (Part 3),source:manual|chunk_level:child|chunk_type:keep-in-mind|section:2|country:global|source_version:who-original|document_id:isupport-who|module:2|communication strategies|emotional support|compassion|family carer|difficult conversations|responding to questions|distracting techniques|memory recall,isupport-who,,GLOBAL,child,
isupport_who_c028,isupport-course,Lesson 3. Supported decision-making,source:manual|chunk_level:child|chunk_type:body|section:3|country:global|source_version:who-original|document_id:isupport-who|module:2|memory loss|decision-making|cognitive difficulties|complex decisions|supported decision-making|family carer,isupport-who,,GLOBAL,child,
isupport_who_c029,isupport-course,Lesson 3. Supported decision-making — keep-in-mind (Part 1),source:manual|chunk_level:child|chunk_type:keep-in-mind|section:3|country:global|source_version:who-original|document_id:isupport-who|module:2|supported decision-making|everyday decisions|anxiety|stress|family carer|dementia progression,isupport-who,,GLOBAL,child,
isupport_who_c030,isupport-course,Lesson 3. Supported decision-making — keep-in-mind (Part 2),source:manual|chunk_level:child|chunk_type:keep-in-mind|section:3|country:global|source_version:who-original|document_id:isupport-who|module:2|supported decision-making|communication difficulties|informed consent|family carer|medical decision-making|cognitive decline|patient autonomy,isupport-who,,GLOBAL,child,
isupport_who_c031,isupport-course,Lesson 3. Supported decision-making — keep-in-mind (Part 3),source:manual|chunk_level:child|chunk_type:keep-in-mind|section:3|country:global|source_version:who-original|document_id:isupport-who|module:2|supported decision-making|best interest|past wishes|present wishes|family carer|consultation|beliefs and values,isupport-who,,GLOBAL,child,
isupport_who_c032,isupport-course,Lesson 3. Supported decision-making — keep-in-mind (Part 4),source:manual|chunk_level:child|chunk_type:keep-in-mind|section:3|country:global|source_version:who-original|document_id:isupport-who|module:2|supported decision-making|encouraging independence|clothing choices|family carer|promoting autonomy,isupport-who,,GLOBAL,child,
isupport_who_c033,isupport-course,Lesson 3. Supported decision-making — keep-in-mind (Part 5),source:manual|chunk_level:child|chunk_type:keep-in-mind|section:3|country:global|source_version:who-original|document_id:isupport-who|module:2|supported decision-making|medication adherence|health consequences|family carer|doctor-patient communication,isupport-who,,GLOBAL,child,
isupport_who_c034,isupport-course,Lesson 3. Supported decision-making — keep-in-mind (Part 6),source:manual|chunk_level:child|chunk_type:keep-in-mind|section:3|country:global|source_version:who-original|document_id:isupport-who|module:2|family carer|shared caregiving|support network|daily activities|long-term care|involving others|caregiver support,isupport-who,,GLOBAL,child,
isupport_who_c035,isupport-course,Lesson 4. Involving others,source:manual|chunk_level:child|chunk_type:body|section:4|country:global|source_version:who-original|document_id:isupport-who|module:2|family carer|support network|overwhelmed caregiver|in-home assistance|shopping help|cleaning help|social support|community involvement,isupport-who,,GLOBAL,child,
isupport_who_c036,isupport-course,Lesson 4. Involving others — keep-in-mind,source:manual|chunk_level:child|chunk_type:keep-in-mind|section:4|country:global|source_version:who-original|document_id:isupport-who|module:2,isupport-who,,GLOBAL,child,
isupport_who_c037,isupport-course,Lesson 4. Involving others — keep-in-mind,source:manual|chunk_level:child|chunk_type:keep-in-mind|section:4|country:global|source_version:who-original|document_id:isupport-who|module:2|caregiver support|involving others|community resources|family carer|wish list|rural caregiving|faith community|dementia association,isupport-who,,GLOBAL,child,
isupport_who_c038,isupport-course,Lesson 4. Involving others — activity (Part 1),source:manual|chunk_level:child|chunk_type:activity|section:4|country:global|source_version:who-original|document_id:isupport-who|module:2|family carer|support groups|home modifications|personal care assistance|emotional support|practical help|caregiver tips,isupport-who,,GLOBAL,child,
isupport_who_c039,isupport-course,Lesson 4. Involving others — activity (Part 2),source:manual|chunk_level:child|chunk_type:activity|section:4|country:global|source_version:who-original|document_id:isupport-who|module:2,isupport-who,,GLOBAL,child,
isupport_who_c040,isupport-course,Lesson 4. Involving others — activity (Part 3),source:manual|chunk_level:child|chunk_type:activity|section:4|country:global|source_version:who-original|document_id:isupport-who|module:2|family carer|asking for help|respite care|sibling support|self-care|weekly break,isupport-who,,GLOBAL,child,
isupport_who_c041,isupport-course,Lesson 3. Thinking differently,source:manual|chunk_level:child|chunk_type:body|section:3|country:global|source_version:who-original|document_id:isupport-who|module:3|self-care|stress reduction|relaxation techniques|mindful breathing|muscle relaxation|family carer|quick exercises,isupport-who,,GLOBAL,child,
isupport_who_c042,isupport-course,Lesson 1. Reducing stress in everyday life (Part 1),source:manual|chunk_level:child|chunk_type:body|section:1|country:global|source_version:who-original|document_id:isupport-who|module:3|caregiver stress|breathing exercises|relaxation techniques|family carer|dementia care|reducing tension,isupport-who,,GLOBAL,child,
isupport_who_c043,isupport-course,Lesson 1. Reducing stress in everyday life (Part 2),source:manual|chunk_level:child|chunk_type:body|section:1|country:global|source_version:who-original|document_id:isupport-who|module:3|stress reduction|breathing exercise|mindfulness|meditation|relaxation techniques|self-observation|tension relief|blood flow improvement,isupport-who,,GLOBAL,child,
isupport_who_c044,isupport-course,Lesson 1. Reducing stress in everyday life (Part 3),source:manual|chunk_level:child|chunk_type:body|section:1|country:global|source_version:who-original|document_id:isupport-who|module:3,isupport-who,,GLOBAL,child,
isupport_who_c045,isupport-course,Lesson 1. Reducing stress in everyday life (Part 4),source:manual|chunk_level:child|chunk_type:body|section:1|country:global|source_version:who-original|document_id:isupport-who|module:3,isupport-who,,GLOBAL,child,
isupport_who_c046,isupport-course,Lesson 1. Reducing stress in everyday life (Part 5),source:manual|chunk_level:child|chunk_type:body|section:1|country:global|source_version:who-original|document_id:isupport-who|module:3,isupport-who,,GLOBAL,child,
isupport_who_c047,isupport-course,Lesson 1. Reducing stress in everyday life (Part 6),source:manual|chunk_level:child|chunk_type:body|section:1|country:global|source_version:who-original|document_id:isupport-who|module:3|relaxation techniques|breathing exercises|stress reduction|daily relaxation|reminders|time management|self-care strategies,isupport-who,,GLOBAL,child,
isupport_who_c048,isupport-course,Lesson 1. Reducing stress in everyday life (Part 7),source:manual|chunk_level:child|chunk_type:body|section:1|country:global|source_version:who-original|document_id:isupport-who|module:3|pleasant activities|caregiver stress|family carer|self-care|time management,isupport-who,,GLOBAL,child,
isupport_who_c049,isupport-course,Lesson 2. Making time for pleasant activities (Part 1),source:manual|chunk_level:child|chunk_type:body|section:2|country:global|source_version:who-original|document_id:isupport-who|module:3|family carer|professional carer|caregiving support|self-care|afternoon naps|pleasant activities|caregiver fatigue,isupport-who,,GLOBAL,child,
isupport_who_c050,isupport-course,Lesson 2. Making time for pleasant activities (Part 2),source:manual|chunk_level:child|chunk_type:body|section:2|country:global|source_version:who-original|document_id:isupport-who|module:3|pleasant activities|time management|caregiver fatigue|energy levels|low-cost activities|family carer,isupport-who,,GLOBAL,child,
isupport_who_c051,isupport-course,Lesson 2. Making time for pleasant activities — activity (Part 1),source:manual|chunk_level:child|chunk_type:activity|section:2|country:global|source_version:who-original|document_id:isupport-who|module:3|self-care|guilt|pleasant activities|physical limitations|family carer|relaxation|flexibility in tasks|day-to-day tasks|recharge,isupport-who,,GLOBAL,child,
isupport_who_c052,isupport-course,Lesson 2. Making time for pleasant activities — activity (Part 2),source:manual|chunk_level:child|chunk_type:activity|section:2|country:global|source_version:who-original|document_id:isupport-who|module:3|pleasant activities|family carer|outdoor walks|exercise|neighbourhood walks|caregiver experience,isupport-who,,GLOBAL,child,
isupport_who_c053,isupport-course,Lesson 2. Making time for pleasant activities — keep-in-mind,source:manual|chunk_level:child|chunk_type:keep-in-mind|section:2|country:global|source_version:who-original|document_id:isupport-who|module:3|pleasant activities|family carer|music therapy|reminiscence therapy|nature exploration|social interaction|cooking together|craft activities|memory recall|outdoor activities,isupport-who,,GLOBAL,child,
isupport_who_c054,isupport-course,Lesson 2. Making time for pleasant activities — activity,source:manual|chunk_level:child|chunk_type:activity|section:2|country:global|source_version:who-original|document_id:isupport-who|module:3,isupport-who,,GLOBAL,child,
isupport_who_c055,isupport-course,Lesson 3. Thinking differently,source:manual|chunk_level:child|chunk_type:body|section:3|country:global|source_version:who-original|document_id:isupport-who|module:3,isupport-who,,GLOBAL,child,
isupport_who_c056,isupport-course,Lesson 3. Thinking differently — keep-in-mind,source:manual|chunk_level:child|chunk_type:keep-in-mind|section:3|country:global|source_version:who-original|document_id:isupport-who|module:3|unhelpful thoughts|family carer|compassionate response|emotional support|cognitive reframing,isupport-who,,GLOBAL,child,
isupport_who_c057,isupport-course,Lesson 3. Thinking differently — keep-in-mind,source:manual|chunk_level:child|chunk_type:keep-in-mind|section:3|country:global|source_version:who-original|document_id:isupport-who|module:3|caregiver support|cognitive reframing|emotional well-being|family carer|social interaction|dementia caregiving|thoughts and feelings,isupport-who,,GLOBAL,child,
isupport_who_c058,isupport-course,Lesson 3. Thinking differently — keep-in-mind (Part 1),source:manual|chunk_level:child|chunk_type:keep-in-mind|section:3|country:global|source_version:who-original|document_id:isupport-who|module:3|family carer|unhelpful thoughts|caregiver burden|emotional distress|self-neglect|isolation|dementia diagnosis|caregiving challenges,isupport-who,,GLOBAL,child,
isupport_who_c059,isupport-course,Lesson 3. Thinking differently — keep-in-mind (Part 2),source:manual|chunk_level:child|chunk_type:keep-in-mind|section:3|country:global|source_version:who-original|document_id:isupport-who|module:3|family carer|social interactions|behavioral changes|communication challenges|emotional response|caregiver support,isupport-who,,GLOBAL,child,
isupport_who_c060,isupport-course,Lesson 3. Thinking differently — keep-in-mind (Part 1),source:manual|chunk_level:child|chunk_type:keep-in-mind|section:3|country:global|source_version:who-original|document_id:isupport-who|module:3|cognitive strategies|unhelpful thoughts|helpful thoughts|family carer|emotional support|safety concerns,isupport-who,,GLOBAL,child,
isupport_who_c061,isupport-course,Lesson 3. Thinking differently — keep-in-mind (Part 2),source:manual|chunk_level:child|chunk_type:keep-in-mind|section:3|country:global|source_version:who-original|document_id:isupport-who|module:3|self-care|carer guilt|mood fluctuations|depression|functional ability|long-term care|family carer|disease progression,isupport-who,,GLOBAL,child,
isupport_who_c062,isupport-course,Lesson 5. An enjoyable day,source:manual|chunk_level:child|chunk_type:body|section:5|country:global|source_version:who-original|document_id:isupport-who|module:4|mealtime engagement|pleasant mealtimes|self-worth|eating difficulties|drinking difficulties|preventing dehydration|health conditions|family carer,isupport-who,,GLOBAL,child,
isupport_who_c063,isupport-course,Lesson 1. Eating and drinking - more pleasant mealtimes (Part 1),source:manual|chunk_level:child|chunk_type:body|section:1|country:global|source_version:who-original|document_id:isupport-who|module:4|mealtime activities|family carer|social engagement|meal preparation|emotional support|loss of appetite|sadness|dinner participation,isupport-who,,GLOBAL,child,
isupport_who_c064,isupport-course,Lesson 1. Eating and drinking - more pleasant mealtimes (Part 2),source:manual|chunk_level:child|chunk_type:body|section:1|country:global|source_version:who-original|document_id:isupport-who|module:4|poor appetite|toothache|poorly fitting dentures|refusal to eat|restlessness|facial pain expression|mealtime strategies|family mealtime|soft music|food appeal|physical activity|pain assessment,isupport-who,,GLOBAL,child,
isupport_who_c065,isupport-course,Lesson 1. Eating and drinking - more pleasant mealtimes (Part 3),source:manual|chunk_level:child|chunk_type:body|section:1|country:global|source_version:who-original|document_id:isupport-who|module:4|weight loss|weight gain|depression|forgets to eat|eats smaller amounts|eats regular amounts|loses weight|eats all food served|eats more snacks|obsessed with food|refuses to eat|no interest in food|increase food amount|provide preferred foods|increase flavorful foods|seek medical advice|model eating and drinking|serve smaller portions|remove plate when full|provide low calorie snacks|memory loss|family carer,isupport-who,,GLOBAL,child,
isupport_who_c066,isupport-course,Lesson 1. Eating and drinking - more pleasant mealtimes (Part 4),source:manual|chunk_level:child|chunk_type:body|section:1|country:global|source_version:who-original|document_id:isupport-who|module:4|mealtime activities|fluid intake|encouragement to eat|heart condition|self-worth|pleasant mealtime|modified food|family carer,isupport-who,,GLOBAL,child,
isupport_who_c067,isupport-course,Lesson 1. Eating and drinking - more pleasant mealtimes (Part 5),source:manual|chunk_level:child|chunk_type:body|section:1|country:global|source_version:who-original|document_id:isupport-who|module:4|adaptive eating aids|mealtime management|family meeting|positive mealtime atmosphere|eating difficulties|bedroom dining|family carer,isupport-who,,GLOBAL,child,
isupport_who_c068,isupport-course,Lesson 1. Eating and drinking - more pleasant mealtimes (Part 6),source:manual|chunk_level:child|chunk_type:body|section:1|country:global|source_version:who-original|document_id:isupport-who|module:4|difficulty chewing|difficulty swallowing|reduced taste|reduced smell|weight loss|depression|changes in eating patterns|family carer|late stage dementia|mealtime assistance,isupport-who,,GLOBAL,child,
isupport_who_c069,isupport-course,"Lesson 2. Eating, drinking and preventing health problems (Part 1)",source:manual|chunk_level:child|chunk_type:body|section:2|country:global|source_version:who-original|document_id:isupport-who|module:4|eating difficulties|swallowing difficulties|aspiration pneumonia|flexible meal times|food preferences|diary for eating habits|late stage dementia|family carer,isupport-who,,GLOBAL,child,
isupport_who_c070,isupport-course,"Lesson 2. Eating, drinking and preventing health problems (Part 2)",source:manual|chunk_level:child|chunk_type:body|section:2|country:global|source_version:who-original|document_id:isupport-who|module:4|dysphagia|soft diet|thickened fluids|coughing|family carer|safe eating|homemade thickeners,isupport-who,,GLOBAL,child,
isupport_who_c071,isupport-course,"Lesson 2. Eating, drinking and preventing health problems (Part 3)",source:manual|chunk_level:child|chunk_type:body|section:2|country:global|source_version:who-original|document_id:isupport-who|module:4|late stage dementia|household chemicals|inedible materials|changed judgement|healthy soft food|thickened drinks|family carer,isupport-who,,GLOBAL,child,
isupport_who_c072,isupport-course,Lesson 3. Toileting and continence care (Part 1),source:manual|chunk_level:child|chunk_type:body|section:3|country:global|source_version:who-original|document_id:isupport-who|module:4|vascular dementia|toileting difficulties|incontinence|prompted toileting|visual cues|nightlights|contrasting colours|step-by-step instructions|family carer,isupport-who,,GLOBAL,child,
isupport_who_c073,isupport-course,Lesson 3. Toileting and continence care (Part 2),source:manual|chunk_level:child|chunk_type:body|section:3|country:global|source_version:who-original|document_id:isupport-who|module:4|incontinence|toileting|bladder control|public urination|family carer|regular toileting schedule|dementia symptoms|judgement impairment,isupport-who,,GLOBAL,child,
isupport_who_c074,isupport-course,Lesson 3. Toileting and continence care (Part 3),source:manual|chunk_level:child|chunk_type:body|section:3|country:global|source_version:who-original|document_id:isupport-who|module:4|incontinence|sore skin|irritated skin|strong smelling urine|scheduled toileting|pad size|changing pads|hygiene|protective creams|fluid intake|consult doctor|family carer,isupport-who,,GLOBAL,child,
isupport_who_c075,isupport-course,Lesson 3. Toileting and continence care (Part 4),source:manual|chunk_level:child|chunk_type:body|section:3|country:global|source_version:who-original|document_id:isupport-who|module:4|toileting|continence care|environmental modifications|contrasting colours|family carer|urinary incontinence|promoted toileting|difficulties using toilet|shame and embarrassment,isupport-who,,GLOBAL,child,
isupport_who_c076,isupport-course,Lesson 3. Toileting and continence care (Part 5),source:manual|chunk_level:child|chunk_type:body|section:3|country:global|source_version:who-original|document_id:isupport-who|module:4|personal care|environment modification|memory loss|toileting assistance|grooming support|infection risk|self-esteem|social withdrawal|family carer,isupport-who,,GLOBAL,child,
isupport_who_c077,isupport-course,Lesson 4. Personal care (Part 1),source:manual|chunk_level:child|chunk_type:body|parent_key:module-5-section-4-heading-lesson-4-personal-care|section:4|country:global|source_version:who-original|document_id:isupport-who|module:4|alzheimer's disease|personal care|depression|self-care|family carer|bathing assistance|cognitive decline,isupport-who,,GLOBAL,child,
isupport_who_c078,isupport-course,Lesson 4. Personal care (Part 2),source:manual|chunk_level:child|chunk_type:body|parent_key:module-5-section-4-heading-lesson-4-personal-care|section:4|country:global|source_version:who-original|document_id:isupport-who|module:4|alzheimer's disease|mouth care|poor appetite|bad breath|dental infections|personal care|family carer|step-by-step instruction|praise and encouragement,isupport-who,,GLOBAL,child,
isupport_who_c079,isupport-course,Lesson 4. Personal care (Part 3),source:manual|chunk_level:child|chunk_type:body|parent_key:module-5-section-4-heading-lesson-4-personal-care|section:4|country:global|source_version:who-original|document_id:isupport-who|module:4|personal care|aggression|bathing assistance|sponge bath|non-slip mat|adaptive seating|grab bars|shower chairs|falls prevention|family carer,isupport-who,,GLOBAL,child,
isupport_who_c080,isupport-course,Lesson 4. Personal care (Part 4),source:manual|chunk_level:child|chunk_type:body|parent_key:module-5-section-4-heading-lesson-4-personal-care|section:4|country:global|source_version:who-original|document_id:isupport-who|module:4|personal care|easy to find environment|large print labels|colour coding|family carer|assistance with bathing|communication with spouse|dementia care strategies,isupport-who,,GLOBAL,child,
isupport_who_c081,isupport-course,Lesson 4. Personal care (Part 5),source:manual|chunk_level:child|chunk_type:body|parent_key:module-5-section-4-heading-lesson-4-personal-care|section:4|country:global|source_version:who-original|document_id:isupport-who|module:4|recognition issues|transition time|bathing assistance|resisting help|long-term care facility|distress|family carer,isupport-who,,GLOBAL,child,
isupport_who_c082,isupport-course,Lesson 5. An enjoyable day (Part 1),source:manual|chunk_level:child|chunk_type:body|section:5|country:global|source_version:who-original|document_id:isupport-who|module:4|daily routine|stress reduction|soothing music|evening routine|morning routine|midday meal|afternoon planning|family carer,isupport-who,,GLOBAL,child,
isupport_who_c083,isupport-course,Lesson 5. An enjoyable day (Part 2),source:manual|chunk_level:child|chunk_type:body|section:5|country:global|source_version:who-original|document_id:isupport-who|module:4|routine adherence|person-centered care|agitation|restlessness|boredom|dignity|family carer,isupport-who,,GLOBAL,child,
isupport_who_c084,isupport-course,Lesson 5. An enjoyable day — keep-in-mind,source:manual|chunk_level:child|chunk_type:keep-in-mind|section:5|country:global|source_version:who-original|document_id:isupport-who|module:4|baking|cooking|family carer|activity maintenance|cognitive support|easy recipes|memory aids,isupport-who,,GLOBAL,child,
isupport_who_c085,isupport-course,Lesson 5. An enjoyable day — keep-in-mind (Part 1),source:manual|chunk_level:child|chunk_type:keep-in-mind|section:5|country:global|source_version:who-original|document_id:isupport-who|module:4|sundowning|agitation|confusion|loss of routine|meaningful activities|community centre|memory loss|family carer,isupport-who,,GLOBAL,child,
isupport_who_c086,isupport-course,Lesson 5. An enjoyable day — keep-in-mind (Part 2),source:manual|chunk_level:child|chunk_type:keep-in-mind|section:5|country:global|source_version:who-original|document_id:isupport-who|module:4|early stage dementia|middle stage dementia|routine|agitation|family carer|activity suggestion|walking|personalized care,isupport-who,,GLOBAL,child,
isupport_who_c087,isupport-course,Lesson 5. An enjoyable day — keep-in-mind (Part 3),source:manual|chunk_level:child|chunk_type:keep-in-mind|section:5|country:global|source_version:who-original|document_id:isupport-who|module:4|reading activities|adapted routines|audiotapes|picture books|later stages of dementia|family carer|behaviour changes,isupport-who,,GLOBAL,child,
isupport_who_c088,isupport-course,Lesson 10. Putting it all together,source:manual|chunk_level:child|chunk_type:body|section:10|country:global|source_version:who-original|document_id:isupport-who|module:5|behaviour changes|stressful behaviours|cycle of behaviour change|responding to behaviour changes|family carer,isupport-who,,GLOBAL,child,
isupport_who_c089,isupport-course,Lesson 1. Introduction to behaviour changes (Part 1),source:manual|chunk_level:child|chunk_type:body|section:1|country:global|source_version:who-original|document_id:isupport-who|module:5|behaviour changes|stressful behaviours|carer distress|memory loss|recent memory impairment|identifying behaviours|handling behaviour changes|preventing behaviour changes|family carer,isupport-who,,GLOBAL,child,
isupport_who_c090,isupport-course,Lesson 1. Introduction to behaviour changes (Part 2),source:manual|chunk_level:child|chunk_type:body|section:1|country:global|source_version:who-original|document_id:isupport-who|module:5|behaviour change|triggers|agitation|family carer|frustration|memory loss,isupport-who,,GLOBAL,child,
isupport_who_c091,isupport-course,Lesson 1. Introduction to behaviour changes (Part 3),source:manual|chunk_level:child|chunk_type:body|section:1|country:global|source_version:who-original|document_id:isupport-who|module:5|behaviour changes|different approaches|health care provider|alzheimer's association|community support|family carer|information seeking,isupport-who,,GLOBAL,child,
isupport_who_c092,isupport-course,Lesson 1. Introduction to behaviour changes (Part 4),source:manual|chunk_level:child|chunk_type:body|section:1|country:global|source_version:who-original|document_id:isupport-who|module:5|behaviour changes|frustration management|irritability|stressful behaviour|family carer|recognition of dementia|communication strategies,isupport-who,,GLOBAL,child,
isupport_who_c093,isupport-course,Lesson 2. Memory loss (Part 1),source:manual|chunk_level:child|chunk_type:body|parent_key:module-6-section-2-heading-lesson-2-memory-loss|section:2|country:global|source_version:who-original|document_id:isupport-who|module:5|memory loss|recent memory impairment|childhood memories|important dates|appointments|family carer,isupport-who,,GLOBAL,child,
isupport_who_c094,isupport-course,Lesson 2. Memory loss (Part 2),source:manual|chunk_level:child|chunk_type:body|parent_key:module-6-section-2-heading-lesson-2-memory-loss|section:2|country:global|source_version:who-original|document_id:isupport-who|module:5|memory loss|forgetting daily activities|family carer|communication strategies|daily routines|to-do lists|phone support,isupport-who,,GLOBAL,child,
isupport_who_c095,isupport-course,Lesson 2. Memory loss (Part 3),source:manual|chunk_level:child|chunk_type:body|parent_key:module-6-section-2-heading-lesson-2-memory-loss|section:2|country:global|source_version:who-original|document_id:isupport-who|module:5|memory loss|behaviour changes|memory aid|grocery list|weekly visit|family carer,isupport-who,,GLOBAL,child,
isupport_who_c096,isupport-course,Lesson 2. Memory loss (Part 4),source:manual|chunk_level:child|chunk_type:body|parent_key:module-6-section-2-heading-lesson-2-memory-loss|section:2|country:global|source_version:who-original|document_id:isupport-who|module:5|memory loss|family carer|daily routines|reminders|to-do lists|phone communication|visitation|support strategies,isupport-who,,GLOBAL,child,
isupport_who_c097,isupport-course,Lesson 2. Memory loss (Part 5),source:manual|chunk_level:child|chunk_type:body|parent_key:module-6-section-2-heading-lesson-2-memory-loss|section:2|country:global|source_version:who-original|document_id:isupport-who|module:5|aggression|aggressive behaviour|coping strategies|family carer|de-escalation techniques|behaviour management,isupport-who,,GLOBAL,child,
isupport_who_c098,isupport-course,Lesson 3. Aggression (Part 1),source:manual|chunk_level:child|chunk_type:body|parent_key:module-6-section-3-heading-lesson-3-aggression|section:3|country:global|source_version:who-original|document_id:isupport-who|module:5|aggression|unmet needs|urinary tract infection|medication side effects|social understanding|emotional control|personality changes|mental health changes|family carer|aged care worker,isupport-who,,GLOBAL,child,
isupport_who_c099,isupport-course,Lesson 3. Aggression (Part 2),source:manual|chunk_level:child|chunk_type:body|parent_key:module-6-section-3-heading-lesson-3-aggression|section:3|country:global|source_version:who-original|document_id:isupport-who|module:5|aggressive behaviour|bathing assistance|soothing music|maintaining dignity|family carer|stress management|logical explanation|empathy|timing of care,isupport-who,,GLOBAL,child,
isupport_who_c100,isupport-course,Lesson 3. Aggression (Part 3),source:manual|chunk_level:child|chunk_type:body|parent_key:module-6-section-3-heading-lesson-3-aggression|section:3|country:global|source_version:who-original|document_id:isupport-who|module:5|aggression|shouting|pushing|calming environment|maintaining dignity|underlying causes|urinary infection|family carer,isupport-who,,GLOBAL,child,
isupport_who_c101,isupport-course,Lesson 3. Aggression (Part 4),source:manual|chunk_level:child|chunk_type:body|parent_key:module-6-section-3-heading-lesson-3-aggression|section:3|country:global|source_version:who-original|document_id:isupport-who|module:5|aggression|bathing assistance|dementia routines|personal preferences|maintaining dignity|family carer|stress reduction|timing of activities,isupport-who,,GLOBAL,child,
isupport_who_c102,isupport-course,"Lesson 4. Depression, anxiety and apathy",source:manual|chunk_level:child|chunk_type:body|section:4|country:global|source_version:who-original|document_id:isupport-who|module:5|depression|anxiety|apathy|mood changes|emotional reactions|withdrawn behaviour|agitation|restlessness|frustration|sadness|fear|family carer,isupport-who,,GLOBAL,child,
isupport_who_c103,isupport-course,"Lesson 4. Depression, anxiety and apathy — activity (Part 1)",source:manual|chunk_level:child|chunk_type:activity|section:4|country:global|source_version:who-original|document_id:isupport-who|module:5|depression|anxiety|apathy|family carer|responding to distress|pacing|wringing hands|repetitive questioning|caregiver strategies,isupport-who,,GLOBAL,child,
isupport_who_c104,isupport-course,"Lesson 4. Depression, anxiety and apathy — activity (Part 2)",source:manual|chunk_level:child|chunk_type:activity|section:4|country:global|source_version:who-original|document_id:isupport-who|module:5|depression|anxiety|apathy|social withdrawal|family carer|engagement strategies|activity suggestions|emotional support,isupport-who,,GLOBAL,child,
isupport_who_c105,isupport-course,"Lesson 4. Depression, anxiety and apathy — activity (Part 3)",source:manual|chunk_level:child|chunk_type:activity|section:4|country:global|source_version:who-original|document_id:isupport-who|module:5|depression|anxiety|apathy|mood changes|support strategies|comforting techniques|loss of interest|family carer,isupport-who,,GLOBAL,child,
isupport_who_c106,isupport-course,"Lesson 4. Depression, anxiety and apathy — activity (Part 1)",source:manual|chunk_level:child|chunk_type:activity|section:4|country:global|source_version:who-original|document_id:isupport-who|module:5|depression|anxiety|apathy|behavior changes|isolation|reassurance|family carer|emotional support,isupport-who,,GLOBAL,child,
isupport_who_c107,isupport-course,"Lesson 4. Depression, anxiety and apathy — activity (Part 2)",source:manual|chunk_level:child|chunk_type:activity|section:4|country:global|source_version:who-original|document_id:isupport-who|module:5|behavior changes|depression|anxiety|apathy|family carer|emotional support|positive reinforcement,isupport-who,,GLOBAL,child,
isupport_who_c108,isupport-course,"Lesson 4. Depression, anxiety and apathy — activity",source:manual|chunk_level:child|chunk_type:activity|section:4|country:global|source_version:who-original|document_id:isupport-who|module:5|sleeping problems|insomnia|night waking|activity engagement|depression|anxiety|apathy|family carer|dementia care strategies,isupport-who,,GLOBAL,child,
isupport_who_c109,isupport-course,Lesson 5. Difficulty sleeping (Part 1),source:manual|chunk_level:child|chunk_type:body|section:5|country:global|source_version:who-original|document_id:isupport-who|module:5|difficulty sleeping|falling asleep|waking up at night|sleep disruption|family carer|promote good sleep,isupport-who,,GLOBAL,child,
isupport_who_c110,isupport-course,Lesson 5. Difficulty sleeping (Part 2),source:manual|chunk_level:child|chunk_type:body|section:5|country:global|source_version:who-original|document_id:isupport-who|module:5|wandering|difficulty sleeping|nighttime routine|activity schedule|physical exercise|favourite object|medical evaluation|urinary tract infection|hallucinations|family carer,isupport-who,,GLOBAL,child,
isupport_who_c111,isupport-course,Lesson 5. Difficulty sleeping (Part 3),source:manual|chunk_level:child|chunk_type:body|section:5|country:global|source_version:who-original|document_id:isupport-who|module:5|sleeping problems|calming techniques|soothing music|reading aloud|meditation|comforting strategies|family carer,isupport-who,,GLOBAL,child,
isupport_who_c112,isupport-course,Lesson 5. Difficulty sleeping (Part 4),source:manual|chunk_level:child|chunk_type:body|section:5|country:global|source_version:who-original|document_id:isupport-who|module:5,isupport-who,,GLOBAL,child,
isupport_who_c113,isupport-course,Lesson 5. Difficulty sleeping — activity (Part 1),source:manual|chunk_level:child|chunk_type:activity|section:5|country:global|source_version:who-original|document_id:isupport-who|module:5|difficulty sleeping|physical exercise|sleeping pills|confusion|agitation|addiction|caffeine|frequent urination|light dinner|daytime naps|soothing music|family carer,isupport-who,,GLOBAL,child,
isupport_who_c114,isupport-course,Lesson 5. Difficulty sleeping — activity (Part 2),source:manual|chunk_level:child|chunk_type:activity|section:5|country:global|source_version:who-original|document_id:isupport-who|module:5|difficulty sleeping|physical exercise|walking|stretching|nighttime care|needs assistance|hunger|thirst|respect dignity|agitation|family carer,isupport-who,,GLOBAL,child,
isupport_who_c115,isupport-course,Lesson 6. Delusions and hallucinations (Part 1),source:manual|chunk_level:child|chunk_type:body|section:6|country:global|source_version:who-original|document_id:isupport-who|module:5|delusions|hallucinations|fixed false belief|self-protective behaviours|fear|distress|family carer,isupport-who,,GLOBAL,child,
isupport_who_c116,isupport-course,Lesson 6. Delusions and hallucinations (Part 2),source:manual|chunk_level:child|chunk_type:body|section:6|country:global|source_version:who-original|document_id:isupport-who|module:5|hallucinations|delusions|calm reassurance|environmental modifications|family carer|soothing techniques|restlessness,isupport-who,,GLOBAL,child,
isupport_who_c117,isupport-course,Lesson 6. Delusions and hallucinations (Part 3),source:manual|chunk_level:child|chunk_type:body|section:6|country:global|source_version:who-original|document_id:isupport-who|module:5|delusions|hallucinations|behavior changes|calm voice|distraction techniques|truthful communication|positive social environment|family carer,isupport-who,,GLOBAL,child,
isupport_who_c118,isupport-course,Lesson 6. Delusions and hallucinations (Part 4),source:manual|chunk_level:child|chunk_type:body|section:6|country:global|source_version:who-original|document_id:isupport-who|module:5|repetitive behaviour|stress management|comforting techniques|family carer,isupport-who,,GLOBAL,child,
isupport_who_c119,isupport-course,Lesson 7. Repetitive behaviour (Part 1),source:manual|chunk_level:child|chunk_type:body|section:7|country:global|source_version:who-original|document_id:isupport-who|module:5|repetitive questioning|repetitive actions|anxiety|aggression|depression|carer stress|inappropriate responses|family carer,isupport-who,,GLOBAL,child,
isupport_who_c120,isupport-course,Lesson 7. Repetitive behaviour (Part 2),source:manual|chunk_level:child|chunk_type:body|section:7|country:global|source_version:who-original|document_id:isupport-who|module:5|repetitive behaviour|stress management|comforting techniques|response strategies|family carer,isupport-who,,GLOBAL,child,
isupport_who_c121,isupport-course,Lesson 8. Walking and getting lost (Part 1),source:manual|chunk_level:child|chunk_type:body|section:8|country:global|source_version:who-original|document_id:isupport-who|module:5|wandering|getting lost|safety concerns|family carer|preventing wandering,isupport-who,,GLOBAL,child,
isupport_who_c122,isupport-course,Lesson 8. Walking and getting lost (Part 2),source:manual|chunk_level:child|chunk_type:body|section:8|country:global|source_version:who-original|document_id:isupport-who|module:5|getting lost|identification|home security|camouflaging doors|safety measures|up-to-date photograph|calm communication|routine activities|family carer,isupport-who,,GLOBAL,child,
isupport_who_c123,isupport-course,Lesson 8. Walking and getting lost (Part 3),source:manual|chunk_level:child|chunk_type:body|section:8|country:global|source_version:who-original|document_id:isupport-who|module:5|walking|exercise|lifelong habit|boredom|stimulation|energy release|joint pain|stiffness|family carer,isupport-who,,GLOBAL,child,
isupport_who_c124,isupport-course,Lesson 8. Walking and getting lost (Part 4),source:manual|chunk_level:child|chunk_type:body|section:8|country:global|source_version:who-original|document_id:isupport-who|module:5|wandering|getting lost|agitation|calm communication|family carer|behaviour changes,isupport-who,,GLOBAL,child,
isupport_who_c125,isupport-course,Lesson 9. Changes in judgement (Part 1),source:manual|chunk_level:child|chunk_type:body|section:9|country:global|source_version:who-original|document_id:isupport-who|module:5|changes in judgement|inappropriate behavior|stressful situations|guidance|reassurance|carer support|dementia progression,isupport-who,,GLOBAL,child,
isupport_who_c126,isupport-course,Lesson 9. Changes in judgement (Part 2),source:manual|chunk_level:child|chunk_type:body|section:9|country:global|source_version:who-original|document_id:isupport-who|module:5|changes in judgement|mishandling finances|unopened mail|financial management|memory loss|family carer,isupport-who,,GLOBAL,child,
isupport_who_c127,isupport-course,Lesson 9. Changes in judgement (Part 3),source:manual|chunk_level:child|chunk_type:body|section:9|country:global|source_version:who-original|document_id:isupport-who|module:5|inappropriate sexual advances|family carer|in-home aide|male aide|professional help|behavior management,isupport-who,,GLOBAL,child,
isupport_who_c128,isupport-course,Lesson 9. Changes in judgement (Part 4),source:manual|chunk_level:child|chunk_type:body|section:9|country:global|source_version:who-original|document_id:isupport-who|module:5|agitation|emotional support|calm reassurance|accepting behaviour|social isolation|family carer|adaptive strategies,isupport-who,,GLOBAL,child,
isupport_who_c129,isupport-course,Lesson 9. Changes in judgement (Part 5),source:manual|chunk_level:child|chunk_type:body|section:9|country:global|source_version:who-original|document_id:isupport-who|module:5|unsafe driving|transportation assistance|calm communication|family carer|judgment changes|emotional response|safe transportation,isupport-who,,GLOBAL,child,
isupport_who_c130,isupport-course,Lesson 10. Putting it all together,source:manual|chunk_level:child|chunk_type:body|section:10|country:global|source_version:who-original|document_id:isupport-who|module:5|behaviour changes|memory aids|stress management|distraction techniques|environmental factors|consult medical doctor|family carer,isupport-who,,GLOBAL,child,
isupport_who_p003,isupport-course,MODULE 5 — section summary,source:manual|chunk_level:parent|chunk_type:section-summary|parent_key:module-5-heading-module-5|module:5|country:global|source_version:who-original|document_id:isupport-who|delusions|hallucinations|repetitive behaviours|memory loss|toileting care|continence care|aggression|changes in judgement|personal care|depression|anxiety|apathy|difficulty sleeping|communication strategies|supported decision-making|pleasant activities|family carer,isupport-who,,GLOBAL,parent,
isupport_who_p005,isupport-course,Lesson 4. Involving others — section summary,source:manual|chunk_level:parent|chunk_type:section-summary|section:4|country:global|source_version:who-original|document_id:isupport-who|module:2,isupport-who,,GLOBAL,parent,
isupport_who_p006,isupport-course,Lesson 1. The journey together — section summary,source:manual|chunk_level:parent|chunk_type:section-summary|section:1|country:global|source_version:who-original|document_id:isupport-who|module:2|memory loss|shopping difficulties|family carer|husband caregiver,isupport-who,,GLOBAL,parent,
isupport_who_p007,isupport-course,Lesson 2. Improving communication — section summary,source:manual|chunk_level:parent|chunk_type:section-summary|section:2|country:global|source_version:who-original|document_id:isupport-who|module:2|communication|hearing impairment|vision impairment|environmental modifications|medical check-ups|family carer,isupport-who,,GLOBAL,parent,
isupport_who_p008,isupport-course,Lesson 3. Supported decision-making — section summary,source:manual|chunk_level:parent|chunk_type:section-summary|section:3|country:global|source_version:who-original|document_id:isupport-who|module:2|memory loss|decision-making difficulties|cognitive impairment|complex decisions|supported decision-making,isupport-who,,GLOBAL,parent,
isupport_who_p009,isupport-course,Lesson 4. Involving others — section summary,source:manual|chunk_level:parent|chunk_type:section-summary|section:4|country:global|source_version:who-original|document_id:isupport-who|module:2|family carer|caregiver support|help and support,isupport-who,,GLOBAL,parent,
isupport_who_p010,isupport-course,Lesson 3. Thinking differently — section summary,source:manual|chunk_level:parent|chunk_type:section-summary|section:3|country:global|source_version:who-original|document_id:isupport-who|module:3|self-care|stress reduction|caregiver support|energy renewal|short exercises|family carer,isupport-who,,GLOBAL,parent,
isupport_who_p011,isupport-course,Lesson 1. Reducing stress in everyday life — section summary,source:manual|chunk_level:parent|chunk_type:section-summary|section:1|country:global|source_version:who-original|document_id:isupport-who|module:3|reducing stress|relaxation techniques|family carer|dementia caregiver|tension management,isupport-who,,GLOBAL,parent,
isupport_who_p012,isupport-course,Lesson 2. Making time for pleasant activities — section summary,source:manual|chunk_level:parent|chunk_type:section-summary|section:2|country:global|source_version:who-original|document_id:isupport-who|module:3|family carer|afternoon naps|pleasant activities|support system,isupport-who,,GLOBAL,parent,
isupport_who_p013,isupport-course,Lesson 3. Thinking differently — section summary,source:manual|chunk_level:parent|chunk_type:section-summary|section:3|country:global|source_version:who-original|document_id:isupport-who|module:3,isupport-who,,GLOBAL,parent,
isupport_who_p014,isupport-course,Lesson 5. An enjoyable day — section summary,source:manual|chunk_level:parent|chunk_type:section-summary|section:5|country:global|source_version:who-original|document_id:isupport-who|module:4|mealtime engagement|dementia eating difficulties|promoting self-worth|simple tasks|family carer,isupport-who,,GLOBAL,parent,
isupport_who_p015,isupport-course,Lesson 1. Eating and drinking - more pleasant mealtimes — section summary,source:manual|chunk_level:parent|chunk_type:section-summary|section:1|country:global|source_version:who-original|document_id:isupport-who|module:4,isupport-who,,GLOBAL,parent,
isupport_who_p016,isupport-course,"Lesson 2. Eating, drinking and preventing health problems — section summary",source:manual|chunk_level:parent|chunk_type:section-summary|section:2|country:global|source_version:who-original|document_id:isupport-who|module:4|flexible meal times|eating habits|family carer,isupport-who,,GLOBAL,parent,
isupport_who_p017,isupport-course,Lesson 3. Toileting and continence care — section summary,source:manual|chunk_level:parent|chunk_type:section-summary|section:3|country:global|source_version:who-original|document_id:isupport-who|module:4|vascular dementia|toileting difficulties|incontinence|family carer|urinary incontinence|continence care tips,isupport-who,,GLOBAL,parent,
isupport_who_p018,isupport-course,Lesson 4. Personal care — section summary,source:manual|chunk_level:parent|chunk_type:section-summary|parent_key:module-5-section-4-heading-lesson-4-personal-care|section:4|country:global|source_version:who-original|document_id:isupport-who|module:4|personal care|labeling|large print|color coding|family carer,isupport-who,,GLOBAL,parent,
isupport_who_p019,isupport-course,Lesson 5. An enjoyable day — section summary,source:manual|chunk_level:parent|chunk_type:section-summary|section:5|country:global|source_version:who-original|document_id:isupport-who|module:4|routine|daily activities|person living with dementia|family carer,isupport-who,,GLOBAL,parent,
isupport_who_p020,isupport-course,Lesson 10. Putting it all together — section summary,source:manual|chunk_level:parent|chunk_type:section-summary|section:10|country:global|source_version:who-original|document_id:isupport-who|module:5|behaviour changes|family carer|coping strategies|skills improvement,isupport-who,,GLOBAL,parent,
isupport_who_p021,isupport-course,Lesson 1. Introduction to behaviour changes — section summary,source:manual|chunk_level:parent|chunk_type:section-summary|section:1|country:global|source_version:who-original|document_id:isupport-who|module:5,isupport-who,,GLOBAL,parent,
isupport_who_p022,isupport-course,Lesson 2. Memory loss — section summary,source:manual|chunk_level:parent|chunk_type:section-summary|parent_key:module-6-section-2-heading-lesson-2-memory-loss|section:2|country:global|source_version:who-original|document_id:isupport-who|module:5|memory loss|family carer,isupport-who,,GLOBAL,parent,
isupport_who_p023,isupport-course,Lesson 3. Aggression — section summary,source:manual|chunk_level:parent|chunk_type:section-summary|parent_key:module-6-section-3-heading-lesson-3-aggression|section:3|country:global|source_version:who-original|document_id:isupport-who|module:5|aggression|anger|violent behavior|family carer,isupport-who,,GLOBAL,parent,
isupport_who_p024,isupport-course,"Lesson 4. Depression, anxiety and apathy — section summary",source:manual|chunk_level:parent|chunk_type:section-summary|section:4|country:global|source_version:who-original|document_id:isupport-who|module:5|depression|anxiety|apathy|common symptoms,isupport-who,,GLOBAL,parent,
isupport_who_p025,isupport-course,Lesson 5. Difficulty sleeping — section summary,source:manual|chunk_level:parent|chunk_type:section-summary|section:5|country:global|source_version:who-original|document_id:isupport-who|module:5|difficulty sleeping|sleeping problems|family carer,isupport-who,,GLOBAL,parent,
isupport_who_p026,isupport-course,Lesson 6. Delusions and hallucinations — section summary,source:manual|chunk_level:parent|chunk_type:section-summary|section:6|country:global|source_version:who-original|document_id:isupport-who|module:5|delusions|hallucinations|unreal thoughts|changes in brain,isupport-who,,GLOBAL,parent,
isupport_who_p027,isupport-course,Lesson 7. Repetitive behaviour — section summary,source:manual|chunk_level:parent|chunk_type:section-summary|section:7|country:global|source_version:who-original|document_id:isupport-who|module:5|repetitive behaviour|repeated questions|memory loss|family carer,isupport-who,,GLOBAL,parent,
isupport_who_p028,isupport-course,Lesson 8. Walking and getting lost — section summary,source:manual|chunk_level:parent|chunk_type:section-summary|section:8|country:global|source_version:who-original|document_id:isupport-who|module:5|wandering|walking|neighbourhood|home safety|dementia care,isupport-who,,GLOBAL,parent,
isupport_who_p029,isupport-course,Lesson 9. Changes in judgement — section summary,source:manual|chunk_level:parent|chunk_type:section-summary|section:9|country:global|source_version:who-original|document_id:isupport-who|module:5|changes in judgement|inappropriate behavior|understanding limitations,isupport-who,,GLOBAL,parent,
isupport_who_p030,isupport-course,Lesson 10. Putting it all together — section summary,source:manual|chunk_level:parent|chunk_type:section-summary|section:10|country:global|source_version:who-original|document_id:isupport-who|module:5|behaviour changes|stress management|family carer,isupport-who,,GLOBAL,parent,
prevention_001,prevention,The 14 Modifiable Risk Factors for Dementia,risk factors|prevention|Lancet Commission|modifiable risk|lifestyle|brain health,curated,2026-07,NZ,,488aa1bb48c2d5cadfe430cda6be169b4c9bd9fbff0aa9ce81239d772c9b50d6
prevention_002,prevention,Recognising the Warning Signs of Dementia,warning signs|early detection|memory loss|diagnosis|symptoms,curated,2026-07,NZ,,4fb5fe607044c3cc4277c40c18809722d79f4de3798fd7e244b5a4764fcac636
prevention_003,prevention,Physical Activity and Brain Health: Exercise as Prevention,exercise|physical activity|prevention|FINGER study|brain health|BDNF|aerobic|resistance,curated,2026-07,NZ,,518d7015b9559b32f664a81b6873aeca59aa9efc9fccbadbc7c0250bec3c3371
prevention_004,prevention,"Cognitive Engagement, Social Connection, and Brain Reserve",cognitive reserve|social connection|mental stimulation|bilingualism|prevention|brain health|learning,curated,2026-07,NZ,,4b562f7e3ddeb4518151d460b4cb1941d02514ae2e6b61ad1d3fe66db77af471
prevention_005,prevention,Younger Onset Dementia: Under 65 — Unique Challenges and Support,younger onset|early onset|under 65|frontotemporal|genetic|employment|financial|family,curated,2026-07,NZ,,5f0c03115ebb3c609c30cf38408036bfacf69f18f88efc8b0af642c3b495036c
prevention_006,prevention,After a Dementia Diagnosis: Navigating the First Months,post-diagnosis|first steps|power of attorney|advance care plan|driving|disclosure|support services,curated,2026-07,NZ,,c4a3f41629aacad72a232b04e2375fbea7416beed3854f472abfe660d9664718
prevention_007,prevention,Mild Cognitive Impairment: What It Means and What to Expect,MCI|mild cognitive impairment|early stage|progression|monitoring|APOE|risk|normal ageing,curated,2026-07,NZ,,e0355327234511c7bb0247009305aa437827088a9ae465bc9476e8483ce20a1b
prevention_008,prevention,Brain Health for Adults — Health New Zealand Te Whatu Ora,Health NZ|brain health|Te Whatu Ora|prevention|New Zealand|lifestyle|modifiable risk,curated,2026-07,NZ,,014dbf3cf9e287f4a09f1de4e5ecb955345f6cbc76529f13d8ed795da35afac5
prevention_009,prevention,Volunteering for Dementia Research in New Zealand,dementia research|research participation|Brain Research NZ|Dementia Prevention Research Clinics|prevention research|volunteer,curated,2026-07,NZ,,f9007214587f6b054c92b7f22c28de7187d48a3d4a8811e5164b2c84d8f24841
prevention_010,prevention,Community-Based Brain Health Screening — The Jockey Club Model,JCCPA|Jockey Club|community screening|early detection|Hong Kong|MCI|prevention programme|family empowerment,curated,2026-07,NZ,,fdb32e2f2892668dc59abc9a0b1baf5aeb21b80b546fcd3e0dbadc23c447ad30
prevention_011,prevention,Why Vascular Health Protects the Brain: The Blood Vessel–Dementia Connection,vascular health|brain blood flow|dementia mechanisms|cardiovascular risk|prevention,curated,2026-07,NZ,,5150d6f795bdda0d9477a89b21ef7900cbd9f9089e6606fa45dbf46b7943adbf
wellbeing_001,wellbeing,Respite Care Options for Family Carers,respite|day program|in-home care|NASC|Carer Support Subsidy|relief,curated,2026-07,NZ,,18669cf1e8f346605ad0e4e500c227a94e18eeb5612c127c3141795f29db4205
wellbeing_002,wellbeing,Emotional Stages of Becoming a Dementia Caregiver,grief|guilt|carer emotions|adjustment|counselling|support|wellbeing,curated,2026-07,NZ,,7b58a99db3424ba3833a8d29929494cb87910178719e8597b33e174bece3f1ad
wellbeing_003,wellbeing,Carer Support Groups and Peer Networks,support group|peer support|Alzheimers NZ|Carers NZ|isolation|community,curated,2026-07,NZ,,d3a953d58c89c0439bf3572a001923c66fda6d5427d29f8f6377721a6db536d6
wellbeing_004,wellbeing,Financial Assistance and Government Supports for Carers,financial|Supported Living Payment|Carer Support Subsidy|Work and Income|Residential Care Subsidy|NASC|government support,curated,2026-07,NZ,,66e958705e9c265ae72747dfa82b1121d7304496f9cb28642f7c0e23f37739c1
wellbeing_005,wellbeing,Maintaining Your Own Health While Caregiving,carer health|self-care|depression|GP|sleep|exercise|social connection,curated,2026-07,NZ,,1a50656c634f0f1f145417cce10030a3fd1d938897eef504e168b8373c267872
wellbeing_006,wellbeing,Asking for and Accepting Help,help-seeking|family support|delegating|carer support|burnout prevention|community services,curated,2026-07,NZ,,61f6eb92733c6e8870b3cd4afb7125678099dda215228099699cf5268216c406
wellbeing_007,wellbeing,Transitioning to Residential Aged Care,residential care|nursing home|transition|aged care|guilt|decision|placement,curated,2026-07,NZ,,77f7e2fc3057807b01000985f38c11f83628bc554da23bbd0f79fa18ef2a298c
wellbeing_008,wellbeing,Getting Specialist Help When Behaviour Becomes a Crisis (New Zealand),behaviour crisis|BPSD|specialist support|behaviour management|non-pharmacological|mental health services for older people,curated,2026-07,NZ,,00be8ddf6ca33a309b279ddad7edf0da11d606767f1378ae785ae012aa545c48
wellbeing_009,wellbeing,Digital Support Tools: BrainTrack and Ask Annie,BrainTrack|Ask Annie|digital health|app|cognitive monitoring|carer support|technology,curated,2026-07,NZ,,7a7def9284a4727e6227409d53492d6607cf8d4da834c2f5a6a11332fc96bbfc
wellbeing_010,wellbeing,NASC — New Zealand's Gateway to Funded Home and Residential Care,NASC|needs assessment|home support|Health NZ|Te Whatu Ora|residential care|Residential Care Subsidy|funding,curated,2026-07,NZ,,c49fbc45ebde00d9ee774b43f9eb71a723595819969bf69ff00b1302e0a18a96
wellbeing_011,wellbeing,Protecting Finances and Preventing Scams,finances|money management|scams|fraud protection|EPOA|banking|financial safety,curated,2026-07,NZ,,46285e0cc095f2695538755d02b3916768a5bb1a4e2563e5a0db609cc8a67594
wellbeing_012,wellbeing,Long-Distance Caregiving: Staying Involved and Organised From Afar,long-distance caregiving|family coordination|respite|remote support|caregiver guilt,curated,2026-07,NZ,,d643b60e063e5628be4e9a81f77730c66cf80c05a88dae444805b3fa1a00c984
wellbeing_013,wellbeing,Helping Children and Grandchildren Understand a Dementia Diagnosis,children and dementia|grandchildren|family communication|explaining diagnosis|family support,curated,2026-07,NZ,,30a2afcf1de83999be935e3a6b7fed3fd8fe805116a864ccbf0f53aac3aa1805
wellbeing_014,wellbeing,Coping with Guilt as a Dementia Carer,caregiver guilt|emotional wellbeing|residential care guilt|self-care|carer's assessment,curated,2026-07,NZ,,592da0266b3118e8a221d47f8ba40951b060f3bfe32bb8b39d42bc7072346342
wellbeing_015,wellbeing,Anticipatory Grief: Grieving Someone Who Is Still Alive,anticipatory grief|ambiguous loss|carer emotions|continuing bonds|grief support,curated,2026-07,NZ,,820f196cab4ed9fd57d86a63299d29eb40cc1399dc2186b5a651d73c08742848
wellbeing_016,wellbeing,How Dementia Changes Relationships and Family Roles,role reversal|family relationships|spousal caregiving|identity|relationship strain,curated,2026-07,NZ,,c4b6b6588a994e54518c325a8f764dc11b927df4b5d549af2b2507a22488e463
wellbeing_017,wellbeing,"Pre-Death Grief: A Named, Recognised Part of Dementia Caregiving",pre-death grief|anticipatory grief|carer assessment|SIGN 168|care transitions,curated,2026-07,NZ,,9c02702a86cb5a65ffd5b108d5af79b670adf7c8af3b529274cac97f61e02144
wellbeing_018,wellbeing,"Ambiguous Loss: When Someone Is 'Here, But Not Here'",ambiguous loss|carer grief|coping strategies|care team|isolation,curated,2026-07,NZ,,97e32639cd1c198c08734cd0968a5601e29bd80463edaee9629bb27dbb6c1be8
wellbeing_019,wellbeing,Taking Care of YOU: Practical Self-Care Tools for Family Caregivers,self-care|caregiver stress warning signs|goal setting|communication skills|asking for help,curated,2026-07,NZ,,35e6d10b30367d63828e09d6d49779f92a31da681990f5ba836b9336e2c01b90
wellbeing_020,wellbeing,Carer Identity: When Caregiving Becomes Who You Are,carer identity|loss of self|peer support|residential courses|guilt,curated,2026-07,NZ,,53ea87bd1053d3e467d4a1b3ae36c383425572dfce281fbb66ab19484e66c0e4
wellbeing_021,wellbeing,Building Resilience as a Dementia Carer,resilience|carer wellbeing|stress management|peer connection|residential support courses,curated,2026-07,NZ,,ccdc417769f14be645128115256e3a6764c957e5af86b58c5d927124b10dc522
wellbeing_022,wellbeing,"Making a Life Plan for Living Well Now, Not Just Planning for Later",life plan|quality of life|living well with dementia|carer and person goals|family involvement,curated,2026-07,NZ,,25f09f43431e4436f826942a2412bd6b40cd2bfffca0ac7f4cf87b325e6b68f9
